book,model,window,n_obs,alpha_ann,t_alpha,R2,avg_gross,alpha_stress,beta_Mkt-RF,t_Mkt-RF,beta_SMB,t_SMB,beta_HML,t_HML,beta_RMW,t_RMW,beta_CMA,t_CMA,beta_Mom,t_Mom,beta_TSMOM,t_TSMOM,beta_QQQRES,t_QQQRES
vol_managed_qqq,M0,blind,219,0.0566867381186483,0.5050792819772159,0.86325436102758,1.427227598532789,0.03606627619165613,1.8698151321302374,24.441276867523218,,,,,,,,,,,,,,
vol_managed_qqq,M1,blind,219,0.025688143175270923,0.32099891555140875,0.9050624416194982,1.427227598532789,0.005067681248278749,1.7963957253758653,17.401362306184176,-0.33870989374355237,-3.739043919985549,-0.0259206380345719,-0.3478227230467055,-0.18107282277300102,-2.2446572872985624,-0.2760612750452758,-2.710368997597161,0.021545086198307743,0.6269110550244136,,,,
vol_managed_qqq,M2,blind,219,0.014216208118023752,0.2518856518632932,0.9681502506226067,1.427227598532789,-0.006404253808968422,1.5435592056371037,17.06909376450941,-0.20779487552531975,-4.6708903752404085,-0.4535316400997214,-9.104289296442964,0.14105576874594436,3.1482625532637742,-0.3425419145100146,-5.965332668891084,0.025475151218026966,1.1103333794264973,0.2318064848419704,2.921215717410728,1.5868782701835353,15.488894071009993
vol_managed_qqq,M0,full_IN-SAMPLE,2779,0.09923484310932927,2.1095022983662153,0.6672618131892345,1.4551450413387335,0.08733847526057485,1.1501476750047268,12.232516263382575,,,,,,,,,,,,,,
vol_managed_qqq,M1,full_IN-SAMPLE,2779,0.09151940557887545,2.2163738426418456,0.7537098387903367,1.4551450413387335,0.07962303773012103,1.1108327623196075,12.144122071614653,-0.060715710994446455,-1.5555083715704416,-0.33081786436127525,-6.003590161824812,-0.005264977540062159,-0.11351828796731017,-0.3289166786002077,-5.68578227526948,0.13599260087164855,3.9493182679193835,,,,
vol_managed_qqq,M2,full_IN-SAMPLE,2779,0.0947453432469538,3.2125159252673368,0.8607036984261702,1.4551450413387335,0.08284897539819938,0.989233215980723,12.987771471385352,-0.09770604914134319,-3.194198390149077,-0.3260008522007117,-8.285769741862483,0.009976624558647241,0.27851898557601074,-0.39623985240069526,-8.337692808523453,0.051777731245009166,1.8241189953405446,0.36773969834277764,6.539205537976439,1.523008648331287,20.2895374914166
vol_core_svxy,M0,blind,219,0.019131325981390605,0.2545359707252916,0.9356729457411621,1.7586303703361257,-0.01748454041370947,1.9047520652119532,29.297977171400813,,,,,,,,,,,,,,
vol_core_svxy,M1,blind,219,0.011190933276337136,0.18607834293192177,0.9497558508414004,1.7586303703361257,-0.02542493311876294,1.9193567249215906,21.919896419193083,-0.21417487464010768,-3.344113625198319,0.011015129456736278,0.20856245932520967,-0.009106878162610643,-0.16029652758132137,-0.20971639376626697,-2.770903543218783,-0.01708716392965665,-0.6821433340450844,,,,
vol_core_svxy,M2,blind,219,0.005445109354740524,0.10050578635637064,0.9664310461892937,1.7586303703361257,-0.03117075704035955,1.7925299960167849,17.322936611677846,-0.14819869550781636,-3.107324569381945,-0.20413483259405957,-4.198973943514461,0.15289953414874374,3.181330870586183,-0.24313256806877742,-3.823662196549421,-0.015086014739070362,-0.658762103846392,0.11605337378463486,1.5799420249078302,0.7984781354829862,8.857685398088174
vol_core_svxy,M0,full_IN-SAMPLE,2779,0.10961338785851414,2.4207263103532153,0.7199530289493443,1.6459669184432626,0.09272940718869459,1.2700824012558254,11.689284350418514,,,,,,,,,,,,,,
vol_core_svxy,M1,full_IN-SAMPLE,2779,0.10662651435290806,2.414747768684899,0.7508862763158183,1.6459669184432626,0.0897425336830885,1.2385931403966433,11.093108503949765,0.010955903823143104,0.2559817929497502,-0.23231765983786995,-3.5886821499516817,0.008374022272150389,0.17060020419259436,-0.20695573434121495,-3.5202930768289926,0.07995148363936165,2.009973106658095,,,,
vol_core_svxy,M2,full_IN-SAMPLE,2779,0.1096189924355797,2.893709281219285,0.8022552343062277,1.6459669184432626,0.09273501176576014,1.1352600817009137,10.96445838373225,-0.02122601358490984,-0.5406239915068886,-0.22850322825785185,-4.256769370075438,0.02107407557921411,0.4942396384958185,-0.26150596976787727,-4.439829860499398,0.007404871381773849,0.1957056322397405,0.3159787733012322,4.790585036006345,1.0771711422874117,9.794089534105035
dual_momentum_gem,M0,blind,219,0.2275200274678077,1.5273230193252691,0.7671407974913274,1.5,0.20338715075547892,1.7463373594190286,21.670355561288527,,,,,,,,,,,,,,
dual_momentum_gem,M1,blind,219,0.19175317176302437,1.3173126389322882,0.7806246761548431,1.5,0.1676202950506956,1.7183844351871846,17.988454320309256,-0.14736372167516676,-1.063132035758545,-0.059565341211503954,-0.6405032577357369,-0.09871514508727576,-0.9591746725336283,0.3187092849669113,1.6511926261639132,0.16754021138499825,2.464484730968696,,,,
dual_momentum_gem,M2,blind,219,0.15786413005243816,1.1238285124996419,0.8159053161112895,1.5,0.13373125334010938,1.1828496317674762,7.50949065720708,-0.2095704815398965,-1.5506937234851854,-0.242863962931593,-2.5381651501595095,0.11750283667245129,1.562322136194415,0.25355240448950617,1.3912129037389052,0.1429641705931226,2.3275719390019076,0.7389665276872632,3.2664131622202484,0.6253384365880834,2.4431673807519987
dual_momentum_gem,M0,full_IN-SAMPLE,2779,0.054209885860422274,1.2729335847222396,0.7265571229742415,1.3242299142584948,0.04573531626774041,1.3781147870997807,35.09135881327237,,,,,,,,,,,,,,
dual_momentum_gem,M1,full_IN-SAMPLE,2779,0.029327520559929612,0.7812400643909659,0.786290264548404,1.3242299142584948,0.020852950967247753,1.4224490111794248,39.46943599850698,-0.10147228680063682,-3.067398342811145,-0.25852066938717383,-6.845296922589686,0.11235339510261748,2.4305350283499814,0.07844745674353602,1.1881610239810227,0.2825404767689659,11.285173695414455,,,,
dual_momentum_gem,M2,full_IN-SAMPLE,2779,0.03556941126724474,1.1759970547792207,0.8439172156171488,1.3242299142584948,0.027094841674562883,1.2434798230414685,25.009228565597454,-0.16036537782814234,-6.359534871568868,-0.2530906391860739,-8.726300045262791,0.1332868509100935,3.138066415502397,-0.00481555219752896,-0.09033941003212563,0.1527497434216813,6.739651649633823,0.5619404138336339,8.55035115359494,0.9503189966035578,12.562385540856214
momentum_concentrated,M0,blind,219,0.08208809317932826,0.5583011477836173,0.5684965641033649,0.8896193911174628,0.08208809317932826,1.3769302532066787,14.415071730433068,,,,,,,,,,,,,,
momentum_concentrated,M1,blind,219,-0.05830522938714204,-0.5381713412340712,0.7355990697899459,0.8896193911174628,-0.05830522938714204,0.955230819718641,8.60487387445153,0.20204126019173738,1.7250654247890054,-0.051512445731515866,-0.423133494948402,-0.267751447837051,-3.036518022596779,0.17042062069059338,1.0972824856626113,0.5847076736810379,12.02734098997232,,,,
momentum_concentrated,M2,blind,219,-0.0746560864905058,-0.6815441212097487,0.7465142179764566,0.8896193911174628,-0.0746560864905058,0.6939640088318432,4.6019738621449005,0.17814652169630868,1.4520934960597818,-0.15466943112161155,-0.8876532520144435,-0.1534071959653388,-1.8766650832821603,0.1371949354820481,0.8993071093487943,0.573343373361576,12.628498979315236,0.3557995395182636,2.384863813325109,0.35708421833563964,1.1979473758689596
momentum_concentrated,M0,full_IN-SAMPLE,2779,-0.00981900398032663,-0.2484373098169567,0.5716587543702942,0.9749579670552643,-0.00981900398032663,0.8927516519996568,21.72875117277929,,,,,,,,,,,,,,
momentum_concentrated,M1,full_IN-SAMPLE,2779,-0.032663867515759976,-1.0028304600700755,0.7423783026845849,0.9749579670552643,-0.032663867515759976,0.9212486913758406,18.674019295168797,0.14799084873402285,4.891166927974767,0.07140330263272718,1.9168938261120154,-0.1705890087213824,-5.005263083949522,0.010879032842306976,0.21982920675677836,0.5276206633366145,19.502278128596274,,,,
momentum_concentrated,M2,full_IN-SAMPLE,2779,-0.028960154676137526,-0.9293040337005699,0.7595555987648193,0.9749579670552643,-0.028960154676137526,0.8262713396524496,16.74247932250649,0.11557131711021464,4.033594955209174,0.07385040547535392,2.1616080635390293,-0.15987232282977643,-4.7653683431088005,-0.029164760988370893,-0.5963242040355663,0.4572116370665396,16.63277080709139,0.3036381342578455,8.245278001064632,0.16621860737387348,2.257907942164313
trend_vol_qqq,M0,blind,1223,0.14674613988691876,1.8454032628152834,0.33705080606120474,1.3673081446372835,0.13154378737107333,0.7322399846391319,7.325150746900901,,,,,,,,,,,,,,
trend_vol_qqq,M1,blind,1223,0.11675798591500679,1.6316414398566876,0.47138776467272026,1.3673081446372835,0.10155563339916138,0.6802432849053448,7.096572214752766,0.14036169649604588,1.7895924893558561,-0.2038097359114476,-3.203290646833854,-0.08885770821105497,-1.3669107393735571,-0.20868532887410557,-1.8252123119264534,0.498614005563468,10.535394919971942,,,,
trend_vol_qqq,M2,blind,1223,0.0911155859112741,1.4999146925819598,0.6237463773817788,1.3673081446372835,0.07591323339542869,0.4795950162194559,5.330778545789833,0.030562854863764755,0.38065884250039334,-0.2059413627475539,-3.603990486030134,0.014866776494295929,0.28056605438484694,-0.41746550963184015,-4.015231937546172,0.32499714204487284,6.6119356884280815,0.6619816124483165,7.159274563648096,1.3063223131832833,10.992215626738407
trend_vol_qqq,M0,full_IN-SAMPLE,2779,0.11542231979359319,2.0778787335987468,0.3568508909687429,1.3695473756656167,0.10576326362651046,0.7509723339155615,7.748060603059552,,,,,,,,,,,,,,
trend_vol_qqq,M1,full_IN-SAMPLE,2779,0.10119340674616371,1.9027292293731106,0.44024158434287686,1.3695473756656167,0.09153435057908099,0.7394600526271079,7.210125307065181,0.023316965513774796,0.4770400865759443,-0.18110823572805704,-2.8660191537838555,-0.014460075708950157,-0.2457284667137301,-0.2135617818725709,-2.3936355879345426,0.2725258488143341,6.205166882561211,,,,
trend_vol_qqq,M2,full_IN-SAMPLE,2779,0.10847153233174041,2.5865636832218564,0.6091782866635089,1.3695473756656167,0.09881247616465769,0.5229104073275924,5.856248781200534,-0.04712497980904577,-1.082596874337333,-0.1742331109397856,-3.457144619384631,0.01114442422651997,0.2287791560398419,-0.3172153278840947,-3.8287208166769644,0.11655487248923899,3.1821578699903847,0.6761347444333552,8.984344341156906,1.387078011124032,14.631157104470583
defensive_ensemble,M0,blind,1223,0.11658872461737652,2.2534769576637594,0.33207482083823125,1.9225981137770942,0.07840372392825817,0.47614726567275095,10.793680456255524,,,,,,,,,,,,,,
defensive_ensemble,M1,blind,1223,0.09516234052901423,2.013919969748635,0.4645012715183342,1.9225981137770942,0.0569773398398959,0.4607345227181466,11.899993477835284,0.08132410105523194,2.033293965296864,-0.10763416945026999,-2.5592826647042632,-0.15310434941631493,-3.156829330950145,0.04299490608927626,0.6911811021747362,0.3173922607659419,14.186705050561299,,,,
defensive_ensemble,M2,blind,1223,0.06724894360403808,1.7738033569450418,0.686182499586238,1.9225981137770942,0.02906394291491974,0.28639306004025855,8.874269231872844,-0.08040698526383294,-2.2652142801773723,-0.0648369349880901,-1.8688131786273787,-0.07608766227407314,-2.074955731167974,-0.09207514434804219,-1.842250519073323,0.1047418897266017,5.1843737814745605,0.7606135656946038,15.780137403565075,0.2969073495571751,4.315701241162224
defensive_ensemble,M0,full_IN-SAMPLE,2779,0.04766986267298066,1.4236922610113107,0.4092899763734319,1.8490323766800687,0.0254782521947479,0.5146065691384091,15.379894857781684,,,,,,,,,,,,,,
defensive_ensemble,M1,full_IN-SAMPLE,2779,0.03439384020072079,1.1398469100421567,0.5303222889510979,1.8490323766800687,0.012202229722488033,0.5281561318441494,15.61460969166771,-0.003384809095148742,-0.1230247699303141,-0.08532731451150824,-2.9633041894183028,-0.08070127527087616,-2.161998375000523,0.0027826444610409462,0.062363407215249626,0.2538507900141139,12.869716355300024,,,,
defensive_ensemble,M2,full_IN-SAMPLE,2779,0.04292843990425682,1.9285716498292544,0.7372408730970805,1.8490323766800687,0.020736829426024065,0.3074914253501001,11.78970483278297,-0.07849671309311787,-3.876104061311114,-0.0795636733851757,-3.6124711187304874,-0.0557321451718415,-2.029978628362256,-0.09099816264808336,-2.684450365839685,0.09054198980886657,6.470040233370304,0.7044792753972907,18.13102080363847,0.4470157734701513,11.188511182872483
dual_momentum_gold,M0,blind,1223,0.21105837323149196,1.9478493422648577,0.1469569519868721,1.4243630573248407,0.19349460045284905,0.5863782469257477,7.93877321748505,,,,,,,,,,,,,,
dual_momentum_gold,M1,blind,1223,0.17354750237304598,1.625954802257533,0.219974151033269,1.4243630573248407,0.1559837295944031,0.551561146223747,7.538766775957126,0.007235021837589906,0.09890341861804051,-0.0680027428058532,-0.7912783037713719,-0.19658261424660842,-1.8465978621938,-0.22885471439328367,-1.8757708764268717,0.43249805632997546,8.248467189935768,,,,
dual_momentum_gold,M2,blind,1223,0.1298151498269016,1.3211506952275334,0.37287726734317717,1.4243630573248407,0.1122513770482587,0.287595559010661,3.4860603830991534,-0.2549402950138377,-3.281352461017258,0.008442917558454369,0.10249246319309169,-0.0833933734949078,-0.9446217973212894,-0.42127270734005223,-3.5180532630296106,0.09440940779462287,1.9679906438165318,1.1999948996035983,9.424580088143864,0.23089502647251586,1.5474776417410627
dual_momentum_gold,M0,full_IN-SAMPLE,2779,0.08790632587304094,1.3214103027011723,0.36799653076060823,1.3339155287392823,0.07917859822690482,0.9749889239469923,12.323577546285964,,,,,,,,,,,,,,
dual_momentum_gold,M1,full_IN-SAMPLE,2779,0.05558149606016153,0.8913536404541225,0.4590035550352324,1.3339155287392823,0.046853768414025415,1.0133874854612002,12.92338799911064,-0.1598078929474596,-2.9108414740725355,-0.07384745475576265,-1.0947956857181111,0.01649665013033423,0.20191444140478867,-0.20283259404342577,-2.0096300755131695,0.4267578305285404,11.320364577043332,,,,
dual_momentum_gold,M2,full_IN-SAMPLE,2779,0.06903722024789559,1.2537326595428457,0.5783888081226856,1.3339155287392823,0.060309492601759475,0.6697401883810218,7.300720884372315,-0.2772720106970711,-5.713094241642695,-0.06505437272273874,-1.0693532693524888,0.05521666481881035,0.8320933839800768,-0.34713727586367027,-3.7712601243986934,0.17178879966615046,4.796547372681372,1.099385668042943,13.717685859542195,0.5539277864362779,5.163215506721444
CTRL_spy_buyhold,M0,blind_1y,219,0.007963368666965018,0.6814077852071514,0.9917633039726005,1.0,0.007963368666965018,0.9561498524759318,153.96492350068806,,,,,,,,,,,,,,
CTRL_spy_buyhold,M1,blind_1y,219,0.009697448717406163,1.2288775591509007,0.9955619626069598,1.0,0.009697448717406163,0.9902847340171337,183.80257324262945,-0.05925096901920163,-7.180443620219122,0.002312035539411882,0.29024570719352377,0.0429180596288487,5.120975666161647,-0.0015209872236314006,-0.1414443497052042,0.0015456974020383665,0.3827306670254683,,,,
CTRL_spy_buyhold,M2,blind_1y,219,0.009633902711850436,1.2393411398690701,0.9957583476817385,1.0,0.009633902711850436,0.9870746904954565,89.13491698668345,-0.05468237455151633,-7.280466357136289,-0.009301734551764421,-1.0937635340027694,0.05099804047699815,6.256044990195209,-0.00301273374947297,-0.2885731010450098,0.0018772569212419374,0.5254273046996658,0.0008201010229698372,0.06280649644337223,0.043568983964020265,3.3929530228490745
CTRL_qqq_buyhold,M0,blind_1y,219,0.054544560022947566,0.8890939400328788,0.8927782573423475,1.0,0.054544560022947566,1.225621985502931,47.24373614041904,,,,,,,,,,,,,,
CTRL_qqq_buyhold,M1,blind_1y,219,0.03290258654010546,0.9847309563674389,0.9435746886333187,1.0,0.03290258654010546,1.163211614688193,41.62534207753825,-0.22923904540740297,-4.89174536980849,-0.04009799537835681,-1.03831627843889,-0.13201800015709983,-3.039341476363952,-0.1595281346790493,-3.2670461643610804,0.03273931318552292,2.0382209604630743,,,,
CTRL_qqq_buyhold,M2,blind_1y,219,0.032297661983856134,129760548188.4298,1.0,1.0,0.032297661983856134,1.1022037843971084,10452755360714.383,-0.12107268690318476,-1274128380138.439,-0.3062286029432249,-3922166570909.52,0.0508397427916735,605314351930.3789,-0.19263451865442643,-1578679901927.4446,0.04110861897986715,805098805270.2306,-8.439064180388343e-16,-0.00655061324807385,0.9999999999999996,6729614349783.49
CTRL_qqq_1.5x_static,M0,blind_1y,219,0.10314006481593005,1.1227187475812992,0.8928243052377658,1.5,0.07900718810360127,1.8384716471694058,47.261706547638305,,,,,,,,,,,,,,
CTRL_qqq_1.5x_static,M1,blind_1y,219,0.07071370828623297,1.4190573562059696,0.943638840477988,1.5,0.0465808315739042,1.7449315566925374,41.67322141047195,-0.344011185088586,-4.896908080399988,-0.06004818497876825,-1.036503291737016,-0.19805750495917238,-3.04117021307455,-0.2398227532737568,-3.2701918789458433,0.04880281438272692,2.0269345752974015,,,,
CTRL_qqq_1.5x_static,M2,blind_1y,219,0.06976640416993875,77.6271228422024,0.9999979499827649,1.5,0.04563352745760998,1.6528783037621446,3662.0695201627186,-0.18202457011400755,-616.4754807093024,-0.45900380730879065,-1392.004509572715,0.07617313600751985,302.6889130059367,-0.28950363847222116,-543.9713405915644,0.06131253907423006,340.1333088620783,0.0008933076381645661,1.617267992485999,1.4990204401123888,2599.7879475284435
CTRL_bench_qqq_sma200_2x,M0,blind_1y,219,0.12384561903720748,0.7657980996361463,0.7253082209268026,1.6984126984126984,0.09013620394697047,2.046108152487128,8.067996698458218,,,,,,,,,,,,,,
CTRL_bench_qqq_sma200_2x,M1,blind_1y,219,0.07382079532917933,0.581161976931756,0.7764322216774722,1.6984126984126984,0.04011138023894232,1.9032118891501943,7.169346148440057,-0.3934821569273452,-2.7589004217927666,0.04543898628270301,0.3649338039458954,-0.3561503981530814,-3.3295991817859116,-0.5257135817666214,-3.0503077518486714,-0.04670124863809161,-0.7255824658062534,,,,
CTRL_bench_qqq_sma200_2x,M2,blind_1y,219,0.0579814041150136,0.5397638462795037,0.865305681176563,1.6984126984126984,0.02427198902477659,1.5509552063940286,4.40215961922359,-0.20600788210231644,-2.5959215419456547,-0.5611287522787477,-9.758477839447403,0.09962078633166947,1.3445883763135074,-0.619467958850122,-3.9832106822750024,-0.0407334178815259,-0.5450892063452301,0.31924601444825873,1.6559954459009953,2.251813980082145,10.162656266129794
CTRL_spy_buyhold,M0,blind_5y,1223,0.011389577386271459,1.6220080670133674,0.9887141262492886,1.0,0.011389577386271459,0.9632679295871823,92.55519214271337,,,,,,,,,,,,,,
CTRL_spy_buyhold,M1,blind_5y,1223,0.001991793235518057,0.4442390241825625,0.9948524136524252,1.0,0.001991793235518057,0.9987167010761245,117.55053507166235,-0.08736433291549085,-18.898584885118858,0.00520336248121964,1.1199440192153294,0.061369096763780655,12.428827501356023,0.04965962817801488,4.348627960708558,-0.003139464010486091,-0.8506366375234462,,,,
CTRL_spy_buyhold,M2,blind_5y,1223,0.0020595430205213117,0.4632871131672271,0.9948566469607315,1.0,0.0020595430205213117,0.9988343083616271,118.9881808029923,-0.08667920059923791,-18.438121620257153,0.004786729763911839,1.0072007839113697,0.061430985738683996,12.37760193710844,0.04934832355872648,4.441572936342903,-0.0024593378820897058,-0.6300833671130237,-0.0021234278807458276,-0.42315565809188893,0.007078669308380355,0.7813364220032984
CTRL_qqq_buyhold,M0,blind_5y,1223,0.02143617860122099,0.6773404445677594,0.9148462798271588,1.0,0.02143617860122099,1.216157489387537,94.29899850417934,,,,,,,,,,,,,,
CTRL_qqq_buyhold,M1,blind_5y,1223,0.03358464506817254,1.5473251244255584,0.959150288032775,1.0,0.03358464506817254,1.1488815586555556,116.21597619816944,-0.1506169351782328,-9.118949363944013,-0.2686500591354726,-14.635717518643984,0.015822748959008114,0.7610421696321314,-0.10558058068416451,-4.449324066047612,0.030174308009144144,2.871548255358679,,,,
CTRL_qqq_buyhold,M2,blind_5y,1223,0.032297661982364174,31750826755991.58,1.0,1.0,0.032297661982364174,1.1022037843971109,5096442036414437.0,-0.12107268690318518,-355044410965443.2,-0.3062286029432251,-1135706023469952.2,0.05083974279167778,154477635003424.1,-0.19263451865442616,-494530404594418.0,0.04110861897986618,201227400218899.03,-5.297181996680431e-17,-0.16264190578973492,0.9999999999999994,1601342874928324.5
CTRL_qqq_1.5x_static,M0,blind_5y,1223,0.049945591436693075,1.0510309053459312,0.9148270675454825,1.5,0.029251315067110078,1.8243602545665984,94.30103190453475,,,,,,,,,,,,,,
CTRL_qqq_1.5x_static,M1,blind_5y,1223,0.06817726332876714,2.0946490841745007,0.9591615100967166,1.5,0.04748298695918414,1.723339203195012,116.19892482861218,-0.22604092638324078,-9.135788750365256,-0.4029712655557675,-14.63931347232918,0.02351805571403674,0.7543048834963392,-0.15878444656275176,-4.458854694752219,0.04526764477849198,2.8723859457826295,,,,
CTRL_qqq_1.5x_static,M2,blind_5y,1223,0.06623932552815937,90.81929446273833,0.99999622864502,1.5,0.045545049158576364,1.6532869880848142,10338.879741748571,-0.1817783865908628,-740.3813697888643,-0.4593163177674007,-2239.071409005414,0.07605513183675774,287.90470628851574,-0.28937833220631176,-1103.6499993397392,0.06160631910630258,454.4361458083055,0.0002134021255352609,0.7718997306945629,1.499797073243848,3496.633934837216
CTRL_bench_qqq_sma200_2x,M0,blind_5y,1223,0.1842165793088781,1.7471387853682636,0.3541026649061365,1.7030254777070064,0.1551193722478243,1.0062668032648323,7.380715475831858,,,,,,,,,,,,,,
CTRL_bench_qqq_sma200_2x,M1,blind_5y,1223,0.15602035290027563,1.6385806564512386,0.473905861941484,1.7030254777070064,0.12692314583922182,0.9286405909863552,6.966780182533009,0.21509717339094267,2.186738786229246,-0.3565562491808411,-4.165167504069732,-0.07973909341730188,-0.9292794404358792,-0.17851100835413863,-1.0786532020478632,0.6197132965988881,9.089343568113328,,,,
CTRL_bench_qqq_sma200_2x,M2,blind_5y,1223,0.12418476710994117,1.55412079541605,0.6230034513042644,1.7030254777070064,0.09508756004888737,0.6707783214453461,5.3393205079208705,0.08716157400797324,0.8613197744615927,-0.3681625302674789,-4.708279612273039,0.0561651927461319,0.7932411284353904,-0.456025971076379,-3.0762250598055814,0.40886231330106093,6.034678110585533,0.8139199348541148,6.729679104233232,1.8452599193759591,10.83718473590018
CTRL_spy_buyhold,M0,full_IN-SAMPLE,2779,0.004379666680691056,0.8994640353263665,0.9896983555791098,1.0,0.004379666680691056,0.963764481951477,174.53002702389173,,,,,,,,,,,,,,
CTRL_spy_buyhold,M1,full_IN-SAMPLE,2779,-0.0007621174563223275,-0.25811158032492426,0.9951379992474337,1.0,-0.0007621174563223275,0.9855591111126918,171.2394872125538,-0.10351584699739605,-30.60890476554286,0.010683140953259715,2.1679990357266106,0.05295314842225698,13.605112529015095,0.04238772016286374,5.079971506019826,-0.010935145915097165,-3.379051461840258,,,,
CTRL_spy_buyhold,M2,full_IN-SAMPLE,2779,-0.0006230876181142605,-0.2121180378589694,0.9951770347899361,1.0,-0.0006230876181142605,0.9819474047422209,153.84046345359945,-0.10474326885847562,-32.09852826826549,0.010778209161426527,2.2343570933766586,0.053362489573970266,13.883748423101103,0.04084578980410928,4.858731359984385,-0.013605506449092565,-3.9266100083663265,0.011521353240577353,2.752579131993511,0.007886330492934562,1.0256263722540564
CTRL_qqq_buyhold,M0,full_IN-SAMPLE,2779,0.0398267688763875,1.6951621572749966,0.8791823342617187,1.0,0.0398267688763875,1.1255191534946112,45.56948514681327,,,,,,,,,,,,,,
CTRL_qqq_buyhold,M1,full_IN-SAMPLE,2779,0.03325073221350741,2.2254634711012593,0.9506710129005994,1.0,0.03325073221350741,1.1071756897050393,72.19435822855117,-0.12279269687569086,-8.42848833725119,-0.3076308108426705,-16.328579367818435,0.04912793262398358,2.854057452464153,-0.17839098707155104,-6.773179771739284,0.040307887560877005,4.834210630426944,,,,
CTRL_qqq_buyhold,M2,full_IN-SAMPLE,2779,0.032297661982755306,1713946280388.4717,1.0,1.0,0.032297661982755306,1.1022037843971098,374829019144780.4,-0.12107268690318618,-24106826075152.008,-0.30622860294322446,-66613484565764.63,0.050839742791677196,7898015559681.143,-0.19263451865442707,-24347296869757.055,0.04110861897986648,13281052659308.602,-9.798549887525145e-20,-1.6929972420502374e-05,0.9999999999999998,100251726209340.36
CTRL_qqq_1.5x_static,M0,full_IN-SAMPLE,2779,0.06994681736621103,1.9836607472607588,0.8791557108828261,1.5,0.05687805162313798,1.6882750033854352,45.56896125808103,,,,,,,,,,,,,,
CTRL_qqq_1.5x_static,M1,full_IN-SAMPLE,2779,0.06008356755980982,2.681210229704194,0.9506731675994853,1.5,0.04701480181673677,1.6607291535626014,72.19530899973722,-0.18441747453495722,-8.438064323596869,-0.4613114409467951,-16.321058867777055,0.07337002432638415,2.840524236121946,-0.2679203763143869,-6.779173521990591,0.06050550309793465,4.835991994783119,,,,
CTRL_qqq_1.5x_static,M2,full_IN-SAMPLE,2779,0.058656688548546415,118.89932457169073,0.9999958756485458,1.5,0.045587922805473365,1.653208237082803,21940.76443418544,-0.18185978037460981,-1335.376307360978,-0.45920680134371245,-3761.3313699099554,0.07594458651071131,445.7899276540009,-0.2893094288743677,-1313.3961549201763,0.061658807733668705,759.1028295485846,0.00020529976198495632,1.4249626470233052,1.4998793155485695,5933.464096398157
CTRL_bench_qqq_sma200_2x,M0,full_IN-SAMPLE,2779,0.14368908249883916,2.004176251537861,0.40370253443545856,1.6906954588758336,0.12563600819513393,1.1151970668336846,8.150172687900305,,,,,,,,,,,,,,
CTRL_bench_qqq_sma200_2x,M1,full_IN-SAMPLE,2779,0.12204354824164194,1.7754264973236387,0.4852243053587051,1.6906954588758336,0.10399047393793671,1.113884219448014,7.536248549909598,0.02635295058872387,0.39109197136661883,-0.31999291939175617,-3.4553356392575147,0.053048855811372045,0.6520889661546511,-0.1795746806767133,-1.32349603160654,0.3610431151945365,5.873031037602027,,,,
CTRL_bench_qqq_sma200_2x,M2,full_IN-SAMPLE,2779,0.13030331233664938,2.4075019656831405,0.6291912348907693,1.6906954588758336,0.11225023803294415,0.8587974108734248,6.477514008540316,-0.05569060161466276,-0.9099211907587208,-0.311545957948623,-4.2746092093649395,0.08352456179941008,1.2508477251370327,-0.30499547193753934,-2.413482206353886,0.1785421656471258,3.316963082171108,0.7921139786832913,8.151294674281187,1.9049427839850388,14.856807368514406
vol_managed_qqq,M2,sub_2021H2-2022,379,0.06022639714122109,1.046662728957565,0.9240700104655033,1.4551450413387335,0.054077015350511015,1.02143465812238,24.703696917075348,-0.0803066306643798,-1.6112445549708414,-0.345004416287143,-7.432199822999567,0.05842171611829051,1.2966883931445792,-0.22449780448983228,-3.0046699709922304,0.17457480347482468,5.240371273932909,0.2956326319365228,4.180008695005874,0.8563525972953079,11.799998602803024
vol_managed_qqq,M2,sub_2023-2024,502,0.037934969697941676,0.9137584345310946,0.9590503963382234,1.4551450413387335,0.012719934407775836,1.4660366229016213,29.07187793586398,-0.20452939140067955,-6.380565768760872,-0.34185597562745385,-10.626845350101597,0.027481012328775208,0.9470034308346144,-0.46561095894071514,-7.654435013174097,0.16824245409400418,7.640253587305012,0.15550615867728018,2.7236765669162515,1.4742605111289386,20.772376185485058
vol_managed_qqq,M2,sub_2025->,348,0.016494860327576643,0.2475166613194123,0.9104484772831956,1.4551450413387335,-0.006676730673544257,0.8044517738392798,5.0859043190933955,0.02264347728651091,0.31213462846032475,-0.45229648243016685,-8.628661664973736,0.13054041687130225,2.3446437868231764,-0.4519945195091574,-5.822665053664255,0.13370628042790564,3.0833063754186405,0.6662809554371026,4.365870642450218,1.4448996612115113,11.464129962157863
vol_core_svxy,M2,sub_2021H2-2022,379,0.04343607581670235,0.7425880617088164,0.9202098295969722,1.6459669184432626,0.03470853438509135,1.2073080623883305,26.279302359397192,-0.0407267347074121,-0.8715463322506724,-0.20650961322861275,-4.274974952125778,0.11789712085351418,2.4914780289209006,-0.10403566114275645,-1.2196517938550764,0.110301771011278,3.7003838491821965,0.30619386542980037,4.066398749454109,0.4752848563646845,5.9426141512240624
vol_core_svxy,M2,sub_2023-2024,502,0.05503352482613388,1.2358652863589263,0.951570888811024,1.6459669184432626,0.019246957544377122,1.721716501105692,30.97366596009783,-0.18501957786529616,-7.339958973865446,-0.18310437403204957,-4.845921579748132,0.02656847058930701,0.8053878395699685,-0.3162720798624657,-5.017910706721648,0.07141005216238355,2.9648183896544924,0.06693163212745384,1.0303165103957612,0.7590927079598023,11.585882126787302
vol_core_svxy,M2,sub_2025->,348,0.013874418614287407,0.17791796237491758,0.8812404370089973,1.6459669184432626,-0.01901197995087235,0.9860595388508459,5.041429014253224,0.14703235391902328,1.6954376946785858,-0.34386410066486855,-5.156003130514856,0.1803897739510497,2.788795087058683,-0.24205040788109897,-2.7027015135647003,0.11347778302613283,2.057163510656972,0.5688377680876506,3.3077848313816265,0.857124235031664,6.659800322803676
dual_momentum_gem,M2,sub_2021H2-2022,379,-0.0842078400041179,-0.7410322707263499,0.6106448012637147,1.3242299142584948,-0.0885884513469993,0.8162980665320373,10.12549289832206,-0.07286195244798656,-0.7632394556602238,-0.3504251831815823,-4.187171893860321,0.05088932188590376,0.587765713649971,0.3270698830255108,2.28777108891673,-0.018441162517179536,-0.2511374324000316,0.8879044626708833,8.290303138100631,-0.3077717452518472,-1.432992671393449
dual_momentum_gem,M2,sub_2023-2024,502,-0.01280076420970898,-0.17267209825985028,0.7850352402068321,1.3242299142584948,-0.030763101459629592,0.9614454815186906,8.109973330159487,-0.171726190781511,-2.7488042555790946,-0.3297906708356735,-5.0540995141975955,0.056502413470654614,0.7060415876330364,0.08036901196985871,0.9533367679659707,0.23363151807387722,3.679807857141471,0.7801231526400825,6.286046358844035,1.1376953206899332,6.148226404751126
dual_momentum_gem,M2,sub_2025->,348,0.09128522032493097,0.8699420787510633,0.8777018160854319,1.3242299142584948,0.07477856358661229,1.2280714592422746,9.05847104422985,-0.18250260976212843,-2.22823817080724,-0.10356513837390333,-1.2695542293072466,0.12814293925399248,2.0429738120524297,0.08464504367252962,0.7263180751350365,0.10626772618464816,1.946119976255672,0.6678224972536331,3.3259314630420618,0.5319919003994589,2.485247794947856
momentum_concentrated,M2,sub_2021H2-2022,379,0.031537884104391886,0.5140789620608108,0.8426373872136051,0.9749579670552643,0.031537884104391886,0.8926234236142128,36.4450551572274,0.10659049308783056,1.8381491656152127,0.29578586335959706,5.007696297239674,-0.38768048704800884,-7.699912007654446,0.024537059105447373,0.27033835716761984,0.4482021708691747,10.745139646436337,0.11902722645090032,2.3056378883064355,-0.11937236926221081,-1.1119382143355976
momentum_concentrated,M2,sub_2023-2024,502,-0.054501838944373264,-0.8250669006032263,0.8081690090400457,0.9749579670552643,-0.054501838944373264,1.16111127625561,24.41973164672873,-0.0014102806881597094,-0.030560362956048387,0.1658461871253181,2.576011002918265,-0.22703606795189846,-3.508054917688107,-0.030500044319850733,-0.3665599088990273,0.6488475022682221,16.127193202412876,0.09590656855813386,1.811014702194834,0.16869369119172717,1.2806914935416414
momentum_concentrated,M2,sub_2025->,348,-0.037208901710228295,-0.4470124756502122,0.7715137694265024,0.9749579670552643,-0.037208901710228295,0.5403076347922687,8.69782954893806,0.2485865479146589,3.4608633928509063,-0.06422388914016543,-0.6972268353389843,-0.11371266666666623,-1.5191006589385512,0.04738491647674455,0.4097913730833796,0.5507268053091878,11.079079484848279,0.46727262623430366,4.339062031384732,0.09880214782303398,0.5795553833191732
trend_vol_qqq,M2,sub_2021H2-2022,379,0.07760829668167504,0.8392662547437177,0.4760260521940233,1.3695473756656167,0.07261540936813056,0.29089136093814094,4.620257864017189,-0.01049669996722946,-0.11779629857424478,-0.2283309112311078,-2.7321857053529777,-0.06135231781207269,-0.8082907498874183,-0.08477199763156984,-0.757227349406393,0.2993140346239356,4.8009916885177155,0.5895822107753245,4.613629974928662,0.1827898452193994,1.5029349921622865
trend_vol_qqq,M2,sub_2023-2024,502,0.001211017971653891,0.02334941514476102,0.919414902851592,1.3695473756656167,-0.019261906640221278,1.3552576063102362,15.019512948301802,-0.17182515357238182,-3.5505894381226524,-0.32212400148975834,-8.519652712436733,0.024751140854758026,0.5810874223087815,-0.4365726516324826,-6.662543955516623,0.2323249384951553,5.00888083149766,0.2520387341970886,2.728366410081531,1.4618715160292075,17.0957050055924
trend_vol_qqq,M2,sub_2025->,348,0.014598409430374784,0.11943834232679841,0.6312891978014827,1.3695473756656167,-0.004215374894891304,0.0906964509180353,0.3636557411823985,0.1548213074640801,1.1330705933804088,-0.4672412283090687,-4.48310290462218,0.09494295726915572,1.0054618039783798,-0.4385770533476936,-3.213382704612284,0.1946914743371082,2.2089834224211793,0.9697438727986395,4.491673746801477,1.5525453721561588,7.725156289280623
defensive_ensemble,M2,sub_2021H2-2022,379,0.06741430650070063,1.3189603872583266,0.6669388974798824,1.8490323766800687,0.055943184632552975,0.2904410239377966,7.456314794098728,-0.001444668474739281,-0.030419845381137345,-0.06426102393920782,-1.4164883845942577,-0.04993160696708073,-1.012202677763675,0.027731233134818102,0.3569494823817313,0.1139340578685924,3.651861484318965,0.6175328054766478,7.914893630076319,0.049623366526898825,0.6997697850055544
defensive_ensemble,M2,sub_2023-2024,502,-0.05796401425483901,-1.0277059925675276,0.747342519046652,1.8490323766800687,-0.10500040792291482,0.5185784084498168,9.267712218167453,-0.14797498377782256,-2.619448046199447,-0.15390952450603276,-2.1662738551597243,-0.11059897265090089,-1.297688871673256,-0.10761291187376636,-1.5095749706771497,0.10574613200654888,2.4632000442545925,0.6701854261160793,10.866380704688332,0.2660065001451275,1.982560122969939
defensive_ensemble,M2,sub_2025->,348,0.15826081186513694,2.399068109592433,0.7807381372182987,1.8490323766800687,0.11503628079856956,-0.1593163303456423,-1.5116813834757943,-0.16285938320950907,-2.7409847699784713,-0.11062151529817395,-1.8801949194086045,-0.023931223826099673,-0.4411735108660342,-0.057444830769707404,-1.0112301701080717,0.004132582022111648,0.11153146835454777,1.4558689847858752,10.767920122507055,0.3340160808762921,2.8813233225709163
dual_momentum_gold,M2,sub_2021H2-2022,379,-0.08538779410484515,-0.8731377469604504,0.6974365569483961,1.3339155287392823,-0.08989926602163241,0.6425322770659786,9.468572558548855,-0.20756307324983536,-3.052054590364765,-0.14301429422134576,-1.5476739194128992,0.05254563545486148,0.9772745994081629,-0.003945969594038016,-0.03356286412793184,0.1365280798864915,2.4654114891170904,1.0474955032236615,12.832635703434551,-0.20671792845525766,-1.7727109494978788
dual_momentum_gold,M2,sub_2023-2024,502,0.013497840111596878,0.14881678399121348,0.6798892271944126,1.3339155287392823,-0.0050010801805593676,0.6041811578228651,6.442629683802349,-0.23252253874962123,-3.054400712282198,-0.11671791499064621,-1.2910703227245475,-0.07961505779036775,-0.6951011187821466,-0.34058510386252955,-2.892293487559575,0.22631019434298819,3.8037246819517216,0.9542085458810566,9.082074424680506,0.5773379260690092,3.0936358540100852
dual_momentum_gold,M2,sub_2025->,348,0.38267552617999623,1.6558410492977598,0.5023531377595409,1.3339155287392823,0.3656757714685936,-1.7024019057644226,-3.594259788396979,-0.8425117949583129,-4.005091511851906,0.04456047618776135,0.2313949626793068,-0.19822088787514952,-0.9520208314519759,0.21395459184921434,1.0915634840160882,-0.09934968176515303,-0.7532843390479012,4.0967462907524945,6.5195454160122415,-0.29701891632861244,-0.7293355567092669
vol_managed_qqq,M2,blind_half1,109,0.08483927800975048,1.0875343089310612,0.9661149291075698,1.427227598532789,0.06117086905103398,1.6160745857701055,12.482202725855592,-0.20821378253040976,-3.0151513331248867,-0.468341169301517,-6.9982677367642285,0.22599458844330983,4.174313422985453,-0.3083357837621848,-4.24534143557753,0.04592973808494871,1.0080522825285405,0.27266485322131373,2.7603189732645856,1.4811164095618705,11.695426146830055
vol_managed_qqq,M2,blind_half2,110,-0.07088203053183795,-0.9724884142463466,0.974038999084686,1.427227598532789,-0.0884822540364851,1.5444525861964058,13.607899268760997,-0.2253266174945587,-3.355757130636461,-0.4500149524365044,-6.9075818335153745,0.062461467949542396,1.2832153437840268,-0.288673473348148,-4.662045156328079,0.030502630751308716,1.3371589092672946,0.1296200628907083,1.7564007026064925,1.6225050686332716,11.95632442120081
vol_core_svxy,M2,blind_half1,109,0.0327140134107585,0.4977881079020002,0.9687238023095376,1.7586303703361257,-0.009314109105862861,1.8181693229814193,15.80272211074574,-0.14389995380011844,-2.263118029933328,-0.2130258984616518,-3.608653305359589,0.22386797974533523,4.080911367115267,-0.2184056029703671,-2.721681462959193,0.0007197433642637802,0.02057052165611611,0.17859126952181517,2.06429272241424,0.7848705120488204,7.5989511109193755
vol_core_svxy,M2,blind_half2,110,-0.029534253460986263,-0.3618902334774751,0.9670729189192495,1.7586303703361257,-0.06078706606294251,1.8134457791803567,12.45048961495155,-0.19274965603104163,-2.7445998477152025,-0.1821741386871389,-2.307531898348177,0.07922909567150475,1.3080447399435913,-0.21310346402756694,-3.132860807458509,-0.002375756719232605,-0.09774196872870555,0.0001698496720071599,0.0024047667924917996,0.7494126476021694,5.142824250977581
dual_momentum_gem,M2,blind_half1,109,-0.09413831021283822,-0.6513254077918231,0.8754588227943264,1.5,-0.12183831021283822,1.5060344958257939,8.826112937849398,-0.183132372413254,-1.7282447779994279,-0.23953764070387926,-2.1998916006387286,0.05329384617517175,0.659726241926412,-0.17542961669552598,-1.0422710207284072,-0.049571962723772504,-0.6914550338524291,0.3767219115951911,1.444940447685672,0.7116923150669036,2.134231905319001
dual_momentum_gem,M2,blind_half2,110,0.3968044580711104,1.9117906932837698,0.7931257119732928,1.5,0.3762062762529286,0.9680538216911321,4.656755442818457,-0.2205511398929702,-1.0500132615078472,-0.29130446159942897,-1.9129352753202822,0.12840529004299794,1.3633004795792205,0.4501052277720541,1.7277149036519324,0.14884890993016422,1.7171486631568071,1.0188068806391608,2.856697469077035,0.5323965273078947,1.4504530064646362
momentum_concentrated,M2,blind_half1,109,-0.09010089096424302,-0.5516728318919754,0.7409183595056464,0.8896193911174628,-0.09010089096424302,1.4124734665562115,6.957873707829042,0.2963118063315757,1.7874949851692747,-0.18409869787281127,-0.6856724874782316,-0.26482018126142365,-1.5649106698615851,0.17862406775960485,0.7325314650284006,0.6516873389267697,5.170393932873699,-0.10864673508320259,-0.5709692920043683,-0.06751435879519452,-0.13458923922142785
momentum_concentrated,M2,blind_half2,110,-0.09139292142444991,-0.825515583048792,0.8590940130459791,0.8896193911174628,-0.09139292142444991,0.45743941602842214,4.639174325967229,-0.002288312216268651,-0.01927445266045612,-0.2328917782352794,-1.6886124648728478,-0.1975493500585294,-2.3890447527715115,0.4319983573037254,3.02310566818624,0.5730135301304744,13.631958139961451,0.3942176993279769,3.3668255120527055,0.526647397248323,2.306938514660384
trend_vol_qqq,M2,blind_half1,611,0.15172979965126415,1.8785805227940129,0.5022740254567553,1.3673081446372835,0.14074313812955863,0.46864625874445504,6.798406841517153,0.02762342984555073,0.4012900205553218,-0.01793402989739532,-0.21515345504585437,-0.05905991933539694,-0.7888445466343389,-0.5804814340467649,-4.848141785752888,0.3523624840430384,7.342710572599269,0.5505322864066513,4.825539501214665,1.0145960745634106,5.80067023403349
trend_vol_qqq,M2,blind_half2,612,0.07053306867858003,0.8095612423100171,0.7274126134649781,1.3673081446372835,0.05112191355257206,0.35216624472045627,1.1506840933881226,0.02827740671674848,0.226955312505209,-0.45200182403551664,-5.22511919489486,0.15674246783101423,2.3104626809704727,-0.5576382869175003,-6.262977351425235,0.21599475709838395,2.3472889104660886,0.8863171990846247,3.858840159844086,1.7507668206428768,11.666153073026077
defensive_ensemble,M2,blind_half1,611,0.03660160025205975,0.7325229411374664,0.5839963925316417,1.9225981137770942,0.009005497784355297,0.330949661204391,9.111965940142458,-0.06251055576485734,-1.2859962548292754,-0.02004681005634077,-0.4360659903053884,-0.10110635215689485,-1.8396370201642331,-0.14505612382949515,-1.8862090480797584,0.17480475842414547,6.9817607031012034,0.610272970666161,10.331916694810385,0.20140496478724476,2.058303844621021
defensive_ensemble,M2,blind_half2,612,0.10933085972160923,2.22843008827473,0.7982485099490186,1.9225981137770942,0.060574262932353844,-0.03885178473970774,-0.4783600711718048,-0.1607650339918902,-3.303545146118,-0.14410092116733406,-3.1242763015584645,-0.01916147224418938,-0.43430961074895985,-0.10694084827258321,-2.2162927442480593,0.022579067190395596,0.7885076887797912,1.2907753646378985,11.72329983973582,0.4480023479172902,5.816124618288791
dual_momentum_gold,M2,blind_half1,611,-0.06823352961474849,-0.931192728084105,0.6886478587308675,1.4243630573248407,-0.08092677734479321,0.6598633370613533,11.312717088799422,-0.19241133217363998,-3.318897122618276,-0.10797340391201408,-1.3992997161198863,-0.027929613588082294,-0.4785826144019294,-0.14418872641918212,-1.3423587918345963,0.20156995308570316,4.331859070424478,1.100660519530334,17.681942580953688,0.08955727262438569,0.6818158395173374
dual_momentum_gold,M2,blind_half2,612,0.3357854761566521,2.1309563158280547,0.43252505745088965,1.4243630573248407,0.31335913670367344,-1.074685419294462,-3.1267480706532313,-0.502819095476799,-3.0667920448672397,-0.0019759283424008386,-0.011699451942227808,-0.044958465781324425,-0.28611741214998454,-0.21830933891286963,-1.2572860058471762,0.06211364140894112,0.6108216619874878,2.967774599401773,6.342694946117688,0.4366564055755121,1.7576988911251517
