date,est,n_names,n_basket,te,turnover
2015-01-02,sample,370,74,0.038821547337889104,
2015-01-02,pca1,370,74,0.023685615185967363,
2015-01-02,pca3,370,74,0.023438343150163677,
2015-01-02,pca5,370,74,0.024323416227185174,
2015-01-02,jse1,370,74,0.023700029144163005,
2015-01-02,jse3,370,74,0.023439230299513406,
2015-01-02,jse5,370,74,0.024324657885161336,
2015-01-02,lw,370,74,0.02357067161638481,
2015-01-02,mp,370,74,0.02461845155000065,
2015-02-02,sample,371,75,0.024532568548641734,1.6620864209549975
2015-02-02,pca1,371,75,0.016418024310065275,1.2446427155648012
2015-02-02,pca3,371,75,0.01500744974631471,1.2605550359687612
2015-02-02,pca5,371,75,0.015903811912471172,1.253005745807865
2015-02-02,jse1,371,75,0.016402859354331972,1.2446295252786852
2015-02-02,jse3,371,75,0.015054190224272285,1.26026524423274
2015-02-02,jse5,371,75,0.015923866523758427,1.2528930231842088
2015-02-02,lw,371,75,0.01170690204311344,1.3708782105840516
2015-02-02,mp,371,75,0.01233255412812211,1.1787517213974914
2015-03-02,sample,371,75,0.021094372049442617,1.1981352306905855
2015-03-02,pca1,371,75,0.020004023247082784,0.1452799529742864
2015-03-02,pca3,371,75,0.018813480081159253,0.22393767726625652
2015-03-02,pca5,371,75,0.018305003219821866,0.27957407084515856
2015-03-02,jse1,371,75,0.019998747482653376,0.14525404090609367
2015-03-02,jse3,371,75,0.018819999323882005,0.22372392197850174
2015-03-02,jse5,371,75,0.01831169947077987,0.27972177901422657
2015-03-02,lw,371,75,0.01798801801493067,0.20637329117038208
2015-03-02,mp,371,75,0.015200433205922634,0.06612989262978285
2015-04-01,sample,376,76,0.035319935640405614,1.9074381479321105
2015-04-01,pca1,376,76,0.014649518861414787,1.5663623857546805
2015-04-01,pca3,376,76,0.015511657420578593,1.598020768361152
2015-04-01,pca5,376,76,0.015469440281895352,1.6534205809405869
2015-04-01,jse1,376,76,0.014648777752029558,1.5665479603804484
2015-04-01,jse3,376,76,0.01549735793943595,1.5976114763395157
2015-04-01,jse5,376,76,0.015466411542450929,1.6538792911366258
2015-04-01,lw,376,76,0.018426541898776485,1.72202202719108
2015-04-01,mp,376,76,0.017767185016889932,1.6683781399098732
2015-05-01,sample,378,76,0.021369077297033412,1.6345007521738542
2015-05-01,pca1,378,76,0.020018247230312636,1.1402497181052724
2015-05-01,pca3,378,76,0.02104432641533615,1.1552718735922676
2015-05-01,pca5,378,76,0.020771782389327316,1.1954814682463655
2015-05-01,jse1,378,76,0.020048356081937505,1.1377786708418778
2015-05-01,jse3,378,76,0.02104988291804911,1.1541088990244424
2015-05-01,jse5,378,76,0.020769431334137556,1.1936028669864693
2015-05-01,lw,378,76,0.0193520699998908,1.2728376072991403
2015-05-01,mp,378,76,0.021633429070912428,1.1248510145635844
2015-06-01,sample,377,76,0.02403056035656568,1.7785217178437596
2015-06-01,pca1,377,76,0.015467148300884906,1.5322962502443551
2015-06-01,pca3,377,76,0.014389426471180541,1.581260727065113
2015-06-01,pca5,377,76,0.013992228380832212,1.6063397084755697
2015-06-01,jse1,377,76,0.015316586002513266,1.5282283139689579
2015-06-01,jse3,377,76,0.014370105553705995,1.5780833365797382
2015-06-01,jse5,377,76,0.013920173865446422,1.6049789798956295
2015-06-01,lw,377,76,0.018412211565097265,1.6503105461691752
2015-06-01,mp,377,76,0.012150171432017824,1.592398900797186
2015-07-01,sample,379,76,0.0335746282208544,1.5061773412666883
2015-07-01,pca1,379,76,0.017631394604426885,1.0630560792809354
2015-07-01,pca3,379,76,0.02255154601470486,1.0985196761209175
2015-07-01,pca5,379,76,0.0244937874742099,1.1220588029271228
2015-07-01,jse1,379,76,0.017635860121686917,1.0512127731410144
2015-07-01,jse3,379,76,0.022551256715168833,1.0923442529963368
2015-07-01,jse5,379,76,0.024451807413003672,1.117316737685784
2015-07-01,lw,379,76,0.024540719621958744,1.1943386364081898
2015-07-01,mp,379,76,0.024649879892878576,1.0708438304337125
2015-08-03,sample,380,76,0.030508352071215047,1.5356369812682849
2015-08-03,pca1,380,76,0.02743555676130635,0.7048540952462489
2015-08-03,pca3,380,76,0.02772744085629693,0.7122203527234917
2015-08-03,pca5,380,76,0.02751706667947691,0.7068998247809696
2015-08-03,jse1,380,76,0.02758926067071176,0.702964899220929
2015-08-03,jse3,380,76,0.027837215853126224,0.7081586671302555
2015-08-03,jse5,380,76,0.027658569594661026,0.7030363565941462
2015-08-03,lw,380,76,0.02281724387879135,0.8180047599864999
2015-08-03,mp,380,76,0.025570048834713362,0.6833397528129949
2015-09-01,sample,379,76,0.02852037348643016,1.7020839391886313
2015-09-01,pca1,379,76,0.022623807950355238,1.1247939408427212
2015-09-01,pca3,379,76,0.023418037731663965,1.184299019763071
2015-09-01,pca5,379,76,0.02406116501459865,1.2178424281335527
2015-09-01,jse1,379,76,0.022650457368205427,1.124897673932403
2015-09-01,jse3,379,76,0.023444130395659964,1.1829905150691102
2015-09-01,jse5,379,76,0.024066567578004433,1.2170767100224762
2015-09-01,lw,379,76,0.01827631908727494,1.3712365089356493
2015-09-01,mp,379,76,0.019647339589640767,1.1789342656795756
2015-10-01,sample,381,77,0.03235663720894643,1.3590263891865115
2015-10-01,pca1,381,77,0.025002350028356875,0.7401114038113131
2015-10-01,pca3,381,77,0.02178919247504911,0.7896818310174872
2015-10-01,pca5,381,77,0.021541604364586242,0.8781792362597509
2015-10-01,jse1,381,77,0.02500602091524372,0.7387377569682487
2015-10-01,jse3,381,77,0.0217482935446911,0.7884588837977566
2015-10-01,jse5,381,77,0.02156286714300599,0.8770527985172505
2015-10-01,lw,381,77,0.022617480501595143,0.9672873382195488
2015-10-01,mp,381,77,0.019306028066156337,0.7033203912496836
2015-11-02,sample,385,77,0.04155064846691651,1.6093860602606038
2015-11-02,pca1,385,77,0.01945645765233101,1.0099869678045386
2015-11-02,pca3,385,77,0.018944775832283,1.02642238292357
2015-11-02,pca5,385,77,0.018712848788387273,1.0610422936796182
2015-11-02,jse1,385,77,0.019504962283194562,1.0092044073496278
2015-11-02,jse3,385,77,0.018950507173071226,1.0254911591008895
2015-11-02,jse5,385,77,0.01870415361750279,1.0601393022578618
2015-11-02,lw,385,77,0.02240952015307658,1.2728282879706896
2015-11-02,mp,385,77,0.028704807771104547,1.0531152611061343
2015-12-01,sample,385,77,0.04370871150321146,1.937337160559986
2015-12-01,pca1,385,77,0.022773763377232057,1.1666712811032485
2015-12-01,pca3,385,77,0.01999865860134219,1.1619976091332704
2015-12-01,pca5,385,77,0.017310236632674038,1.1704549441659182
2015-12-01,jse1,385,77,0.022888064882303386,1.1659765776241273
2015-12-01,jse3,385,77,0.019993015329647326,1.1617327106474677
2015-12-01,jse5,385,77,0.01735131277320424,1.170513449965646
2015-12-01,lw,385,77,0.02504994810991248,1.3244219472044483
2015-12-01,mp,385,77,0.022738843051395893,1.1775038155182593
2016-01-04,sample,388,78,0.04490485614009332,1.976034223257797
2016-01-04,pca1,388,78,0.03465576567896517,1.623348886514276
2016-01-04,pca3,388,78,0.029954962547025996,1.635733028889792
2016-01-04,pca5,388,78,0.028883842878653886,1.6588767516968188
2016-01-04,jse1,388,78,0.034966279868085905,1.6244137867105104
2016-01-04,jse3,388,78,0.029978920465596557,1.6356505846290017
2016-01-04,jse5,388,78,0.028905277476141605,1.6591915925427556
2016-01-04,lw,388,78,0.028693536502000055,1.7143130321903317
2016-01-04,mp,388,78,0.026865713088378585,1.6871827139820037
2016-02-01,sample,391,79,0.061151421373324966,1.9585632647914686
2016-02-01,pca1,391,79,0.03638328382124418,1.677707214436022
2016-02-01,pca3,391,79,0.03662203387133466,1.6825493807034169
2016-02-01,pca5,391,79,0.03669854324869022,1.7028001915660724
2016-02-01,jse1,391,79,0.036610246451635256,1.6780817993857864
2016-02-01,jse3,391,79,0.0367130626675134,1.6825343089453562
2016-02-01,jse5,391,79,0.03676397494619127,1.7028420811105394
2016-02-01,lw,391,79,0.03897807436959505,1.7136261937944819
2016-02-01,mp,391,79,0.04132705229086964,1.653227507137295
2016-03-01,sample,392,79,0.02771087368085215,1.9378688445948726
2016-03-01,pca1,392,79,0.022744598932877256,1.5840789251969245
2016-03-01,pca3,392,79,0.021421843285490877,1.6359570773673688
2016-03-01,pca5,392,79,0.021509471248367208,1.646919737163055
2016-03-01,jse1,392,79,0.02275013964047188,1.583612484666988
2016-03-01,jse3,392,79,0.02139948496095267,1.6357602574246533
2016-03-01,jse5,392,79,0.021492429703178512,1.6467653395376067
2016-03-01,lw,392,79,0.02340645749190528,1.7364860619410498
2016-03-01,mp,392,79,0.021304556860156386,1.61446224280053
2016-04-01,sample,395,79,0.035301952647615535,1.9999999999999998
2016-04-01,pca1,395,79,0.016376883826246177,1.7722416992426835
2016-04-01,pca3,395,79,0.015230394897949123,1.789781814458025
2016-04-01,pca5,395,79,0.017441890834569363,1.786536680328581
2016-04-01,jse1,395,79,0.01643818261829954,1.7723960819653373
2016-04-01,jse3,395,79,0.015268884053288327,1.7898757611597467
2016-04-01,jse5,395,79,0.01748052380486684,1.786556727728775
2016-04-01,lw,395,79,0.013599324502332389,1.8668824851532788
2016-04-01,mp,395,79,0.015065539214101767,1.8400827840029121
2016-05-02,sample,395,79,0.03770805863074343,1.4731076029018852
2016-05-02,pca1,395,79,0.019772437109650508,0.27140719740504415
2016-05-02,pca3,395,79,0.019164301234420193,0.2783507905185136
2016-05-02,pca5,395,79,0.015929636135575048,0.3475690020269627
2016-05-02,jse1,395,79,0.019731961231808794,0.2712129238026912
2016-05-02,jse3,395,79,0.019143556516426772,0.27827304893229726
2016-05-02,jse5,395,79,0.015925571154158817,0.34733533873805067
2016-05-02,lw,395,79,0.016800104628818032,0.32104828416458886
2016-05-02,mp,395,79,0.01670220827729143,0.15526269091592357
2016-06-01,sample,399,80,0.02617375705854605,1.931330604847167
2016-06-01,pca1,399,80,0.014269891704692861,1.858811462071753
2016-06-01,pca3,399,80,0.01564386899796832,1.8547693272479882
2016-06-01,pca5,399,80,0.014750545382891403,1.8656425179365779
2016-06-01,jse1,399,80,0.014299672582486163,1.8588828256257468
2016-06-01,jse3,399,80,0.015693023094689056,1.8547398967933353
2016-06-01,jse5,399,80,0.014785350860980056,1.8656321288896718
2016-06-01,lw,399,80,0.01854016991699368,1.9050227377575113
2016-06-01,mp,399,80,0.017245265733514127,1.908330203659231
2016-07-01,sample,402,81,0.039655870946345956,1.93265923846467
2016-07-01,pca1,402,81,0.024401910182336048,1.6843900819270679
2016-07-01,pca3,402,81,0.024159282835321358,1.7169778211815578
2016-07-01,pca5,402,81,0.02192792467292963,1.7463746940423066
2016-07-01,jse1,402,81,0.02440222044564064,1.6844110857896502
2016-07-01,jse3,402,81,0.02415917048794465,1.7168036768814696
2016-07-01,jse5,402,81,0.0219288523950448,1.7463151514647843
2016-07-01,lw,402,81,0.019889672435526147,1.7688725058540937
2016-07-01,mp,402,81,0.01973299329262474,1.7386730859413282
2016-08-01,sample,402,81,0.030431720608744436,1.5861341450685595
2016-08-01,pca1,402,81,0.024710652127668972,0.1798462669074639
2016-08-01,pca3,402,81,0.02489552107956811,0.202096547588423
2016-08-01,pca5,402,81,0.02581215007934853,0.3947386351528691
2016-08-01,jse1,402,81,0.024712784601671315,0.17983740597257505
2016-08-01,jse3,402,81,0.02489466929143277,0.20204325836794704
2016-08-01,jse5,402,81,0.025812386985450117,0.394483115800006
2016-08-01,lw,402,81,0.023157228992238474,0.30683919612905874
2016-08-01,mp,402,81,0.02021544234841045,0.18244747205402698
2016-09-01,sample,402,81,0.028324905830485195,1.5751809510355064
2016-09-01,pca1,402,81,0.020973476569616557,0.15408497036176186
2016-09-01,pca3,402,81,0.020328065852402995,0.30142899673003354
2016-09-01,pca5,402,81,0.018705842740730245,0.3045397767442681
2016-09-01,jse1,402,81,0.02096954015294121,0.15408273943689726
2016-09-01,jse3,402,81,0.020332035871687172,0.3002199589771998
2016-09-01,jse5,402,81,0.018702007820448927,0.3042622339287145
2016-09-01,lw,402,81,0.017918371126142862,0.33860992814431967
2016-09-01,mp,402,81,0.019717063572795363,0.1421739620772155
2016-10-03,sample,407,82,0.030428867482788134,1.717311395437224
2016-10-03,pca1,407,82,0.028112214819549765,0.9221136342317476
2016-10-03,pca3,407,82,0.02739378783858519,0.9736103622931024
2016-10-03,pca5,407,82,0.028029261244931762,1.0135570672614194
2016-10-03,jse1,407,82,0.02802770726101126,0.9200087464426202
2016-10-03,jse3,407,82,0.027406014144667763,0.9713126582294178
2016-10-03,jse5,407,82,0.028029813186247636,1.0137042156519116
2016-10-03,lw,407,82,0.027830555080550885,1.0797494622659085
2016-10-03,mp,407,82,0.024559400730425316,0.9687801052236278
2016-11-01,sample,407,82,0.03758701531655606,1.0765983739128795
2016-11-01,pca1,407,82,0.025116085090249506,0.3035252723165067
2016-11-01,pca3,407,82,0.024765185116025136,0.3077123992853942
2016-11-01,pca5,407,82,0.024665979583639464,0.3767460711379224
2016-11-01,jse1,407,82,0.0247504716343728,0.294563035141867
2016-11-01,jse3,407,82,0.024247594973514093,0.30747613326027307
2016-11-01,jse5,407,82,0.02421660130928428,0.37397435327137035
2016-11-01,lw,407,82,0.026392446814481187,0.3972681466483088
2016-11-01,mp,407,82,0.027918439142431428,0.1637787180213755
2016-12-01,sample,407,82,0.025917273220329676,1.4784060134383827
2016-12-01,pca1,407,82,0.022383812618149628,0.29138350210815755
2016-12-01,pca3,407,82,0.020447153815506883,0.21788569548154998
2016-12-01,pca5,407,82,0.0208287464662855,0.23480390649202235
2016-12-01,jse1,407,82,0.022473107528283933,0.276978085830377
2016-12-01,jse3,407,82,0.020575465897897556,0.2139439793488759
2016-12-01,jse5,407,82,0.02092838208833445,0.2306752040812387
2016-12-01,lw,407,82,0.0203734244835643,0.37551356598208757
2016-12-01,mp,407,82,0.018765538080718305,0.08822335796842928
2017-01-03,sample,408,82,0.047352864341092364,1.6206352840458886
2017-01-03,pca1,408,82,0.026427368727186182,1.3580627881192475
2017-01-03,pca3,408,82,0.02655982384523293,1.3610438310173847
2017-01-03,pca5,408,82,0.02526185131580437,1.3796795900085561
2017-01-03,jse1,408,82,0.026424865069646482,1.355212595599428
2017-01-03,jse3,408,82,0.02655749825853315,1.3595520984804386
2017-01-03,jse5,408,82,0.025258680867414177,1.378846831197431
2017-01-03,lw,408,82,0.022660239429087965,1.4818086219452415
2017-01-03,mp,408,82,0.024774551943762775,1.381248014649656
2017-02-01,sample,409,82,0.025715588296717336,1.5107306180644609
2017-02-01,pca1,409,82,0.022909694372620068,1.0932088347416165
2017-02-01,pca3,409,82,0.02329137311685066,1.1756765483840799
2017-02-01,pca5,409,82,0.023880237706444544,1.17271081566043
2017-02-01,jse1,409,82,0.022905001649020713,1.0931526499328312
2017-02-01,jse3,409,82,0.02326924903001146,1.1749549830524753
2017-02-01,jse5,409,82,0.023876057342749238,1.1723274433974373
2017-02-01,lw,409,82,0.02290686559694692,1.2136047156301935
2017-02-01,mp,409,82,0.02397655800926206,1.1395569871065525
2017-03-01,sample,410,82,0.023077264195592754,1.8649469868305695
2017-03-01,pca1,410,82,0.01643419425447024,1.656605787264016
2017-03-01,pca3,410,82,0.01621340407733113,1.6820483202765024
2017-03-01,pca5,410,82,0.015020083928089808,1.7079296954667273
2017-03-01,jse1,410,82,0.0164276339629633,1.6565551904838887
2017-03-01,jse3,410,82,0.01621482395247406,1.6817496576782116
2017-03-01,jse5,410,82,0.015015883497304445,1.7079467460206037
2017-03-01,lw,410,82,0.014828941980210786,1.7149827488661311
2017-03-01,mp,410,82,0.014549501042082094,1.6847045495729271
2017-04-03,sample,413,83,0.03183611872654775,1.9416493779476418
2017-04-03,pca1,413,83,0.017673171964025437,1.8443736420790273
2017-04-03,pca3,413,83,0.020052206462409784,1.8583054188808497
2017-04-03,pca5,413,83,0.01803228500174444,1.8644471917888321
2017-04-03,jse1,413,83,0.017638960554706776,1.844316063742312
2017-04-03,jse3,413,83,0.020003279862241603,1.8582350794654958
2017-04-03,jse5,413,83,0.017991589477881785,1.8643986817863663
2017-04-03,lw,413,83,0.02008673241638308,1.8672809083709323
2017-04-03,mp,413,83,0.02034930883992037,1.8509358342324682
2017-05-01,sample,415,83,0.027174336366616814,1.8014331982200955
2017-05-01,pca1,415,83,0.024375872024943974,1.4004015301862625
2017-05-01,pca3,415,83,0.023805205841485596,1.3971475910173536
2017-05-01,pca5,415,83,0.02159941984224028,1.4356732293764507
2017-05-01,jse1,415,83,0.024353190568348768,1.400086187799318
2017-05-01,jse3,415,83,0.023789962936837893,1.3969016712735194
2017-05-01,jse5,415,83,0.021602998965389985,1.435430535369826
2017-05-01,lw,415,83,0.02230998812195736,1.4751265285685449
2017-05-01,mp,415,83,0.019264794528067262,1.4368101497402848
2017-06-01,sample,414,83,0.028092727080663866,1.8650048768786338
2017-06-01,pca1,414,83,0.014580352826438752,1.5763356094528964
2017-06-01,pca3,414,83,0.016134097678918196,1.5794333580463888
2017-06-01,pca5,414,83,0.014379471340125552,1.6173526091703923
2017-06-01,jse1,414,83,0.0145463387698468,1.5765341869814868
2017-06-01,jse3,414,83,0.01607330031451595,1.5795232668252317
2017-06-01,jse5,414,83,0.014345167814331294,1.6173545836808163
2017-06-01,lw,414,83,0.011948836353376983,1.6336757445653403
2017-06-01,mp,414,83,0.011964770282232544,1.592681055751144
2017-07-03,sample,414,83,0.032873260696157085,1.7717431509474948
2017-07-03,pca1,414,83,0.025210335271931686,1.6102884902409593
2017-07-03,pca3,414,83,0.02357672864725579,1.6222282313641334
2017-07-03,pca5,414,83,0.025132010248062702,1.642777105485522
2017-07-03,jse1,414,83,0.025205972383379904,1.6087653457755895
2017-07-03,jse3,414,83,0.023585017079483087,1.6214546182439389
2017-07-03,jse5,414,83,0.02513060820345566,1.6423587316391206
2017-07-03,lw,414,83,0.0267307889002362,1.6579046386485203
2017-07-03,mp,414,83,0.02420512913042805,1.6319185011987836
2017-08-01,sample,415,83,0.03838826875994933,1.8047648283349667
2017-08-01,pca1,415,83,0.020942540644948777,0.8547311389478869
2017-08-01,pca3,415,83,0.01887003867731935,0.884006863171179
2017-08-01,pca5,415,83,0.01985278514855605,0.906352451985264
2017-08-01,jse1,415,83,0.0213297109861699,0.8534429045444579
2017-08-01,jse3,415,83,0.019035430233213777,0.8838224273901827
2017-08-01,jse5,415,83,0.02000471406215658,0.9055569060366037
2017-08-01,lw,415,83,0.022004298588936013,0.9806591839971841
2017-08-01,mp,415,83,0.019968117776212997,0.7848832861053794
2017-09-01,sample,413,83,0.0292720610640385,1.9026201228831683
2017-09-01,pca1,413,83,0.023987494057052233,1.8096716085313698
2017-09-01,pca3,413,83,0.022412076518880605,1.8327316352903023
2017-09-01,pca5,413,83,0.02128233426852491,1.835562937151241
2017-09-01,jse1,413,83,0.02389526231829227,1.8087977840504994
2017-09-01,jse3,413,83,0.022416550499410024,1.8316309984480357
2017-09-01,jse5,413,83,0.021203561098987713,1.8350926495529212
2017-09-01,lw,413,83,0.01996724562321868,1.8321341850260482
2017-09-01,mp,413,83,0.02155614393231891,1.827291381943608
2017-10-02,sample,413,83,0.020765236970207806,1.286741913994333
2017-10-02,pca1,413,83,0.019225029336378797,0.4207381515150582
2017-10-02,pca3,413,83,0.017122224384923636,0.4208953819459589
2017-10-02,pca5,413,83,0.01670270494522499,0.43871570814320926
2017-10-02,jse1,413,83,0.01908524324462834,0.4211370531911206
2017-10-02,jse3,413,83,0.016980067371199718,0.419038555438738
2017-10-02,jse5,413,83,0.01656604448334682,0.4392890651664676
2017-10-02,lw,413,83,0.014436413563819752,0.4601342914593737
2017-10-02,mp,413,83,0.01837283067763713,0.342523754480154
2017-11-01,sample,415,83,0.03124539694751847,1.7696063614367907
2017-11-01,pca1,415,83,0.02951428724955554,1.6799151143420892
2017-11-01,pca3,415,83,0.023705403350722888,1.7097602098938238
2017-11-01,pca5,415,83,0.026144022273985195,1.6866360343622184
2017-11-01,jse1,415,83,0.029508074761268804,1.6805678363810945
2017-11-01,jse3,415,83,0.02368858418755727,1.709655330941013
2017-11-01,jse5,415,83,0.02610184499132027,1.6871183006091224
2017-11-01,lw,415,83,0.025618766594564094,1.723396494215694
2017-11-01,mp,415,83,0.025875170857500282,1.7286502592900175
2017-12-01,sample,415,83,0.02660841839166132,1.3203958694778286
2017-12-01,pca1,415,83,0.025275960189472164,0.26820267565626427
2017-12-01,pca3,415,83,0.02557459300231308,0.21396808001007103
2017-12-01,pca5,415,83,0.02419785800232443,0.3132296891392035
2017-12-01,jse1,415,83,0.025289257523927352,0.2671838785133755
2017-12-01,jse3,415,83,0.025553776409000063,0.2128245160507926
2017-12-01,jse5,415,83,0.02419797754665252,0.31228896440928366
2017-12-01,lw,415,83,0.021393848615991647,0.20308556989028742
2017-12-01,mp,415,83,0.020703119482067177,0.1841890941965795
2018-01-02,sample,419,84,0.03607154039372483,1.9066863999932282
2018-01-02,pca1,419,84,0.026251362018233387,1.8015690630407601
2018-01-02,pca3,419,84,0.024618336442243635,1.8238865804052473
2018-01-02,pca5,419,84,0.023917498187081453,1.8334014646760592
2018-01-02,jse1,419,84,0.026243036531101695,1.8016134845533398
2018-01-02,jse3,419,84,0.024586766320291362,1.8235651440159342
2018-01-02,jse5,419,84,0.023893142376663373,1.8331997556694337
2018-01-02,lw,419,84,0.021648933985259675,1.8512162317646124
2018-01-02,mp,419,84,0.022712772787178072,1.8390683423903207
2018-02-01,sample,420,84,0.022389565947361967,1.5012514811906663
2018-02-01,pca1,420,84,0.017167968119558685,1.2706354886704583
2018-02-01,pca3,420,84,0.01744435838907041,1.253571390121793
2018-02-01,pca5,420,84,0.014934767388520837,1.3037253017120967
2018-02-01,jse1,420,84,0.017084473431274547,1.2678514129082914
2018-02-01,jse3,420,84,0.017301376472311558,1.2526411655257073
2018-02-01,jse5,420,84,0.014997796079087017,1.3019002040590237
2018-02-01,lw,420,84,0.01927786581931175,1.2295517377747618
2018-02-01,mp,420,84,0.017798436349213513,1.2384806352915088
2018-03-01,sample,420,84,0.036099460979941496,1.3134442050407078
2018-03-01,pca1,420,84,0.02430689116138705,0.22417075484698543
2018-03-01,pca3,420,84,0.024602905661250753,0.23979138267219638
2018-03-01,pca5,420,84,0.02442558948403141,0.2773682338962987
2018-03-01,jse1,420,84,0.024102805799883893,0.22016750140009383
2018-03-01,jse3,420,84,0.024533169802434567,0.23837161987577957
2018-03-01,jse5,420,84,0.02431982618069694,0.2753607098057013
2018-03-01,lw,420,84,0.023602390146061216,0.27583629277084515
2018-03-01,mp,420,84,0.022632308239748072,0.2259627440055251
2018-04-02,sample,423,85,0.03685209011113968,1.8902367542402607
2018-04-02,pca1,423,85,0.01831200190628667,1.5293200636996405
2018-04-02,pca3,423,85,0.018397500564671206,1.5481968029925435
2018-04-02,pca5,423,85,0.019956490991998133,1.5938114600273328
2018-04-02,jse1,423,85,0.01830435099281481,1.5283826951677764
2018-04-02,jse3,423,85,0.018460208574328486,1.5479853514111963
2018-04-02,jse5,423,85,0.02000045484100514,1.593318275137886
2018-04-02,lw,423,85,0.0163040560643182,1.6849371358195653
2018-04-02,mp,423,85,0.02137452018924551,1.5891666174745542
2018-05-01,sample,423,85,0.03848061949977193,1.4738084543503802
2018-05-01,pca1,423,85,0.024710528756062604,0.8564386166010753
2018-05-01,pca3,423,85,0.025404987844527285,0.9708848593018372
2018-05-01,pca5,423,85,0.025987846972966997,0.9388936150313603
2018-05-01,jse1,423,85,0.024708325431253522,0.8562834366595848
2018-05-01,jse3,423,85,0.025402085922365352,0.9704579150710028
2018-05-01,jse5,423,85,0.02598529586430393,0.9385299920227514
2018-05-01,lw,423,85,0.023845248258407753,1.0719324174665839
2018-05-01,mp,423,85,0.022436731884195225,0.8773988805733074
2018-06-01,sample,422,85,0.023422638199529545,1.89689017496978
2018-06-01,pca1,422,85,0.020416464243418607,1.4843720611506912
2018-06-01,pca3,422,85,0.01946116085162679,1.5157427544318376
2018-06-01,pca5,422,85,0.022990574285802,1.5426935887629596
2018-06-01,jse1,422,85,0.02041556194738068,1.4843983423905378
2018-06-01,jse3,422,85,0.019454327791088584,1.515697692024434
2018-06-01,jse5,422,85,0.02298313202976133,1.5426499025866003
2018-06-01,lw,422,85,0.02299988302113103,1.6529598903047802
2018-06-01,mp,422,85,0.02214620090317355,1.5919472820383218
2018-07-02,sample,420,84,0.036314135482493785,1.8129637002523111
2018-07-02,pca1,420,84,0.028976069557536538,1.2490518831570467
2018-07-02,pca3,420,84,0.027802766266111306,1.2957912733802877
2018-07-02,pca5,420,84,0.02708571290106565,1.317385512709035
2018-07-02,jse1,420,84,0.028902551901233968,1.248524899219142
2018-07-02,jse3,420,84,0.02775877325032323,1.2946263115570202
2018-07-02,jse5,420,84,0.027055310393006415,1.3169908461719548
2018-07-02,lw,420,84,0.021495593124852632,1.4684141472542842
2018-07-02,mp,420,84,0.020879917207547623,1.3533904757463617
2018-08-01,sample,420,84,0.03460150856922372,1.3361617088103874
2018-08-01,pca1,420,84,0.018385161952208903,0.2492251536162005
2018-08-01,pca3,420,84,0.019315497657120845,0.2684481371469781
2018-08-01,pca5,420,84,0.01924185315066065,0.27189494705235356
2018-08-01,jse1,420,84,0.018377388133387372,0.24746722018999967
2018-08-01,jse3,420,84,0.019317748425626138,0.26669248365150294
2018-08-01,jse5,420,84,0.019241715920215174,0.27061129060342
2018-08-01,lw,420,84,0.015444919980741247,0.2780151270598958
2018-08-01,mp,420,84,0.015874193368312046,0.19555674688740146
2018-09-04,sample,421,85,0.019998981819457962,1.9566481079606244
2018-09-04,pca1,421,85,0.019968895033155364,1.7506732197465493
2018-09-04,pca3,421,85,0.01811230251270694,1.7708857108172125
2018-09-04,pca5,421,85,0.017844300783474362,1.7881040273935653
2018-09-04,jse1,421,85,0.019977648285578794,1.750585793561125
2018-09-04,jse3,421,85,0.018121303104224894,1.7708761974150975
2018-09-04,jse5,421,85,0.017852372204613817,1.7880849216283017
2018-09-04,lw,421,85,0.01823900004246795,1.8359104628037648
2018-09-04,mp,421,85,0.016998737240234294,1.8266147579004728
2018-10-01,sample,421,85,0.032879889640104985,1.7284284934574936
2018-10-01,pca1,421,85,0.033752267470669575,1.4164242693449567
2018-10-01,pca3,421,85,0.03698556274523793,1.442890534715376
2018-10-01,pca5,421,85,0.036236087255296756,1.478783332407803
2018-10-01,jse1,421,85,0.03375061095354349,1.4164843395683908
2018-10-01,jse3,421,85,0.03698244125487866,1.442951420016709
2018-10-01,jse5,421,85,0.036248705853371796,1.478736460178689
2018-10-01,lw,421,85,0.03109776959849948,1.5432556580291448
2018-10-01,mp,421,85,0.03104363158244368,1.4776207189828185
2018-11-01,sample,421,85,0.03840594492764645,1.412967600137185
2018-11-01,pca1,421,85,0.021462414197767975,0.32509993989832653
2018-11-01,pca3,421,85,0.022247385099615682,0.38195168786577605
2018-11-01,pca5,421,85,0.024302193391389927,0.47595610765170004
2018-11-01,jse1,421,85,0.021443305439309005,0.32482407147737447
2018-11-01,jse3,421,85,0.022221511577128122,0.3814913664872792
2018-11-01,jse5,421,85,0.02429217589354207,0.47542611418133396
2018-11-01,lw,421,85,0.02894215511828646,0.4669799615499489
2018-11-01,mp,421,85,0.02665514142565877,0.3257664552063878
2018-12-03,sample,424,85,0.052363177135674274,2.0
2018-12-03,pca1,424,85,0.017829940758271642,1.8956690418235458
2018-12-03,pca3,424,85,0.01751283209215142,1.9065291331417051
2018-12-03,pca5,424,85,0.01574336568206463,1.915085543646495
2018-12-03,jse1,424,85,0.01789991083222146,1.8957170353178514
2018-12-03,jse3,424,85,0.017617735669449006,1.9064820440207044
2018-12-03,jse5,424,85,0.01579590603688946,1.915048661998466
2018-12-03,lw,424,85,0.01673504215124107,1.9064741731430033
2018-12-03,mp,424,85,0.016560368897988533,1.9184885994490561
2019-01-02,sample,423,85,0.029515455139399033,1.6422450277403493
2019-01-02,pca1,423,85,0.022869739156117473,0.7191271735497251
2019-01-02,pca3,423,85,0.023057285513711237,0.7547331088836335
2019-01-02,pca5,423,85,0.0218537208176576,0.8134046085192821
2019-01-02,jse1,423,85,0.02285433212073375,0.7191419108941772
2019-01-02,jse3,423,85,0.02305975044771442,0.7543654527268819
2019-01-02,jse5,423,85,0.021850909293268793,0.8130510616801737
2019-01-02,lw,423,85,0.023655324180094226,0.9281168845957317
2019-01-02,mp,423,85,0.020828889386695963,0.7836985590528572
2019-02-01,sample,423,85,0.054434691377754564,1.4861619047152062
2019-02-01,pca1,423,85,0.025275031817594506,0.46091432928664744
2019-02-01,pca3,423,85,0.024785624846881668,0.5111069480814017
2019-02-01,pca5,423,85,0.024813839567318845,0.49843222561542105
2019-02-01,jse1,423,85,0.02524863535152291,0.4606438421436033
2019-02-01,jse3,423,85,0.024786833750138078,0.5110257798597242
2019-02-01,jse5,423,85,0.024814072943821618,0.4980788829360196
2019-02-01,lw,423,85,0.018969994614975522,0.6607556453413393
2019-02-01,mp,423,85,0.016837347265029754,0.3797364379070078
2019-03-01,sample,424,85,0.03131533336047913,1.5513590934186048
2019-03-01,pca1,424,85,0.024190443900955334,0.8979081856949112
2019-03-01,pca3,424,85,0.018831826394763614,0.9899455711583686
2019-03-01,pca5,424,85,0.01789616076501604,0.977293624513312
2019-03-01,jse1,424,85,0.02417409753400304,0.8976757659381197
2019-03-01,jse3,424,85,0.018825503333948265,0.989803170087793
2019-03-01,jse5,424,85,0.01788247012697443,0.9772476772179813
2019-03-01,lw,424,85,0.018604604997235062,1.0921807024786143
2019-03-01,mp,424,85,0.016172942900904794,0.8337354354565362
2019-04-01,sample,424,85,0.03190294116603999,1.5849616144791114
2019-04-01,pca1,424,85,0.01967863372405835,0.18619393221310215
2019-04-01,pca3,424,85,0.020400648277706986,0.21317419524057432
2019-04-01,pca5,424,85,0.018319860781889137,0.298839727533355
2019-04-01,jse1,424,85,0.01967740365137363,0.18618843515644612
2019-04-01,jse3,424,85,0.02040226259130328,0.21280873023125216
2019-04-01,jse5,424,85,0.018320112775259845,0.2985557365708252
2019-04-01,lw,424,85,0.018972829983166527,0.3135467509249041
2019-04-01,mp,424,85,0.018819536606927395,0.10551684837280996
2019-05-01,sample,423,85,0.02729705376133782,1.8906079328814211
2019-05-01,pca1,423,85,0.01688160121925253,1.6622729235089122
2019-05-01,pca3,423,85,0.017528548988132248,1.6896817579083558
2019-05-01,pca5,423,85,0.016237408613583644,1.7142503778027902
2019-05-01,jse1,423,85,0.016885132814793806,1.6622975682614114
2019-05-01,jse3,423,85,0.017521751640228574,1.689736167554112
2019-05-01,jse5,423,85,0.016233041534209264,1.7142805844377986
2019-05-01,lw,423,85,0.014693881325592574,1.739892597705021
2019-05-01,mp,423,85,0.01234455207278612,1.7518310582839578
2019-06-03,sample,424,85,0.04380803867042974,1.9060153023804274
2019-06-03,pca1,424,85,0.022029107173431497,1.2198597655979957
2019-06-03,pca3,424,85,0.0210872086115683,1.2512723586112202
2019-06-03,pca5,424,85,0.021237370370205743,1.268324478116454
2019-06-03,jse1,424,85,0.022044727858883516,1.2197546795825198
2019-06-03,jse3,424,85,0.021096859186688546,1.2513498074730403
2019-06-03,jse5,424,85,0.02124779156260497,1.2682809689759318
2019-06-03,lw,424,85,0.021742782850504305,1.3924591477432573
2019-06-03,mp,424,85,0.017363551466292704,1.1942688908089247
2019-07-01,sample,428,86,0.048314194685914545,1.9959677762468964
2019-07-01,pca1,428,86,0.030460783406420146,1.8355067092078163
2019-07-01,pca3,428,86,0.030095449826096448,1.838514884069064
2019-07-01,pca5,428,86,0.029973971662155287,1.8485943629657882
2019-07-01,jse1,428,86,0.030457742683241265,1.8354906673175304
2019-07-01,jse3,428,86,0.030091541186864922,1.8385114284499497
2019-07-01,jse5,428,86,0.029971434812892828,1.8485439898965668
2019-07-01,lw,428,86,0.029640565795127725,1.897508212627559
2019-07-01,mp,428,86,0.025257621806775536,1.8662439825864068
2019-08-01,sample,429,86,0.02227935295093114,1.4706778973157937
2019-08-01,pca1,429,86,0.0211929817538256,0.4520149616660837
2019-08-01,pca3,429,86,0.020698630175943943,0.462740585111746
2019-08-01,pca5,429,86,0.02159305202240892,0.49497940422212855
2019-08-01,jse1,429,86,0.02119739266381181,0.4520519156547292
2019-08-01,jse3,429,86,0.02070027170368485,0.46263088690497467
2019-08-01,jse5,429,86,0.021593940146197484,0.4949799710228552
2019-08-01,lw,429,86,0.02088265999610893,0.673177985877973
2019-08-01,mp,429,86,0.02150337507664903,0.3444067582247381
2019-09-03,sample,433,87,0.03682703427536104,1.819326640153862
2019-09-03,pca1,433,87,0.023496153978353394,1.5190462316668634
2019-09-03,pca3,433,87,0.023165805821081128,1.55457455239294
2019-09-03,pca5,433,87,0.020151015016341405,1.5931228325378348
2019-09-03,jse1,433,87,0.02347760347608651,1.5191783085950286
2019-09-03,jse3,433,87,0.023118833359491994,1.5548225494623034
2019-09-03,jse5,433,87,0.020115819869779634,1.5932925836652339
2019-09-03,lw,433,87,0.02115089502242494,1.6501322621047354
2019-09-03,mp,433,87,0.017648320493587066,1.5137311196634533
2019-10-01,sample,434,87,0.04389362708718706,1.7722627053164977
2019-10-01,pca1,434,87,0.02326006532482254,1.2917910080585835
2019-10-01,pca3,434,87,0.020964542298486176,1.3216105356402554
2019-10-01,pca5,434,87,0.018147109643751165,1.3325677197095636
2019-10-01,jse1,434,87,0.02325966743046959,1.2921335881590998
2019-10-01,jse3,434,87,0.02094645113490447,1.3218456171301485
2019-10-01,jse5,434,87,0.01813390040962078,1.3327801445808536
2019-10-01,lw,434,87,0.017285791682765988,1.5487744691710679
2019-10-01,mp,434,87,0.02007889122628439,1.3069627743428809
2019-11-01,sample,435,87,0.03018459007478295,1.9022803313596133
2019-11-01,pca1,435,87,0.019629179243339706,1.766337416941444
2019-11-01,pca3,435,87,0.01891857632470379,1.7917719561694931
2019-11-01,pca5,435,87,0.020261628863076808,1.7911037177857991
2019-11-01,jse1,435,87,0.019615540155029525,1.7663209518001666
2019-11-01,jse3,435,87,0.018916874630047636,1.7918223986876496
2019-11-01,jse5,435,87,0.02026074218281027,1.791157883651985
2019-11-01,lw,435,87,0.020391689484408917,1.8659204554097846
2019-11-01,mp,435,87,0.019799996367265774,1.7348177186581744
2019-12-02,sample,436,88,0.022858091776072287,1.6811322311049333
2019-12-02,pca1,436,88,0.01701300849490074,0.7649525267248403
2019-12-02,pca3,436,88,0.015867224646305127,0.7566161137035491
2019-12-02,pca5,436,88,0.017084944380971436,0.8465147492569175
2019-12-02,jse1,436,88,0.01701642548036919,0.7649317285811743
2019-12-02,jse3,436,88,0.015870188641386857,0.7565136361106932
2019-12-02,jse5,436,88,0.01708181889595575,0.846353117361309
2019-12-02,lw,436,88,0.018768088745157906,1.0191731768503658
2019-12-02,mp,436,88,0.017794016713009488,0.7810435617458571
2020-01-02,sample,439,88,0.023876874313524865,1.775475262831753
2020-01-02,pca1,439,88,0.029409769611318297,1.5633361916360082
2020-01-02,pca3,439,88,0.02836826633806341,1.5758794638488802
2020-01-02,pca5,439,88,0.02712344426964919,1.588947868721817
2020-01-02,jse1,439,88,0.02941042288914085,1.5632807948514595
2020-01-02,jse3,439,88,0.02837382946135905,1.5757660040324826
2020-01-02,jse5,439,88,0.027132932908964527,1.5888710296132094
2020-01-02,lw,439,88,0.019203503372126497,1.691931412695175
2020-01-02,mp,439,88,0.0204643754780887,1.615459183772613
2020-02-03,sample,440,88,0.0372202486265663,1.3914778683674056
2020-02-03,pca1,440,88,0.02295990377303153,0.7750226901639727
2020-02-03,pca3,440,88,0.022126812888145785,0.8089161404843721
2020-02-03,pca5,440,88,0.024308802558267242,0.8493468002975365
2020-02-03,jse1,440,88,0.022993728851239677,0.7747592363921033
2020-02-03,jse3,440,88,0.022140789386525854,0.8086898286723029
2020-02-03,jse5,440,88,0.024324464932871097,0.8488695539857601
2020-02-03,lw,440,88,0.02156585156622922,0.8343376538093669
2020-02-03,mp,440,88,0.023466532088960712,0.7469684293837531
2020-03-02,sample,440,88,0.10521472343215682,1.092720169757448
2020-03-02,pca1,440,88,0.10261678336104432,0.26216913726901947
2020-03-02,pca3,440,88,0.09332658834092745,0.30745656141739275
2020-03-02,pca5,440,88,0.08602562851296514,0.35536290207886506
2020-03-02,jse1,440,88,0.1033095708065773,0.26265834284738204
2020-03-02,jse3,440,88,0.09345493531507414,0.3071442280057246
2020-03-02,jse5,440,88,0.08617080161621936,0.3542915528178963
2020-03-02,lw,440,88,0.08114627761178315,0.32193448483761866
2020-03-02,mp,440,88,0.07796764601943174,0.21559938147792412
2020-04-01,sample,441,89,0.09408132017075675,1.5298365778074605
2020-04-01,pca1,441,89,0.03914554370061939,0.49639838276564563
2020-04-01,pca3,441,89,0.039696259431657006,0.4969629615530274
2020-04-01,pca5,441,89,0.03797558498809252,0.5131271986647257
2020-04-01,jse1,441,89,0.03929584589300161,0.4947866278231304
2020-04-01,jse3,441,89,0.039760293070583014,0.49680406381639935
2020-04-01,jse5,441,89,0.038012331736677785,0.5131786355698725
2020-04-01,lw,441,89,0.04129162674396855,0.61438957555457
2020-04-01,mp,441,89,0.03685661463496132,0.4157461163115657
2020-05-01,sample,442,89,0.06204016222075623,1.6510975574423945
2020-05-01,pca1,442,89,0.04219657071908088,0.7132527551876744
2020-05-01,pca3,442,89,0.03653957893056582,0.775410598702581
2020-05-01,pca5,442,89,0.0432327222726363,0.7507628917836884
2020-05-01,jse1,442,89,0.04199878008756789,0.7128557861365254
2020-05-01,jse3,442,89,0.03647741296288055,0.7753088089016571
2020-05-01,jse5,442,89,0.043188863784583656,0.7506620675408342
2020-05-01,lw,442,89,0.04009354547714211,1.0291327516501263
2020-05-01,mp,442,89,0.035439950936905926,0.7289907178201953
2020-06-01,sample,443,89,0.08627199607187092,1.5310561989257623
2020-06-01,pca1,443,89,0.04191317906572344,0.6049741556068422
2020-06-01,pca3,443,89,0.04166295136377252,0.6301664441575912
2020-06-01,pca5,443,89,0.039352137966862405,0.5995412205138759
2020-06-01,jse1,443,89,0.04195351517691955,0.6047001855521069
2020-06-01,jse3,443,89,0.041664236575512915,0.6300046923347247
2020-06-01,jse5,443,89,0.03935149626399107,0.5994245554668888
2020-06-01,lw,443,89,0.03200277808666111,0.7618579476837531
2020-06-01,mp,443,89,0.036594036553892595,0.5344552275381461
2020-07-01,sample,447,90,0.05077912960948396,1.8601202087457216
2020-07-01,pca1,447,90,0.03213721796214144,1.7613999595151495
2020-07-01,pca3,447,90,0.033242152501851356,1.7806461317449753
2020-07-01,pca5,447,90,0.029723774121751634,1.7660213444847073
2020-07-01,jse1,447,90,0.03213844466371051,1.761299785995507
2020-07-01,jse3,447,90,0.033237789024562286,1.780634161198571
2020-07-01,jse5,447,90,0.029721727920372264,1.765995837441959
2020-07-01,lw,447,90,0.024319062734182537,1.7844418333894452
2020-07-01,mp,447,90,0.029288707458834704,1.7599005751958747
2020-08-03,sample,447,90,0.04593390987269238,1.574880047351276
2020-08-03,pca1,447,90,0.022951955399119255,0.16825588946381181
2020-08-03,pca3,447,90,0.021976744945411037,0.24323753208394056
2020-08-03,pca5,447,90,0.021266419006034584,0.23944061560295463
2020-08-03,jse1,447,90,0.022946469650063923,0.1682303627650698
2020-08-03,jse3,447,90,0.021970289212431365,0.24309932276115964
2020-08-03,jse5,447,90,0.021263637099055016,0.23912829556320866
2020-08-03,lw,447,90,0.023096357567289328,0.37074521965463064
2020-08-03,mp,447,90,0.02137211839422535,0.0685356604639287
2020-09-01,sample,447,90,0.04140299094914166,1.5461042928612132
2020-09-01,pca1,447,90,0.0176090949601058,0.1365601621587504
2020-09-01,pca3,447,90,0.01639121354015876,0.1620681806753213
2020-09-01,pca5,447,90,0.019534206138027678,0.23733612467781473
2020-09-01,jse1,447,90,0.01760262143971584,0.1365373997187439
2020-09-01,jse3,447,90,0.016384346281068808,0.16197204917482658
2020-09-01,jse5,447,90,0.019529831205851934,0.23721371259383367
2020-09-01,lw,447,90,0.027166427751040098,0.3632689078475197
2020-09-01,mp,447,90,0.020420447480204648,0.045566525924348206
2020-10-01,sample,447,90,0.030981795311751107,1.6753074569054824
2020-10-01,pca1,447,90,0.02174586092656898,1.1330396418130502
2020-10-01,pca3,447,90,0.02240226086432217,1.1399091111059487
2020-10-01,pca5,447,90,0.02206928706232872,1.163283629940211
2020-10-01,jse1,447,90,0.02174378583580509,1.1330978773723188
2020-10-01,jse3,447,90,0.022399793228828735,1.1399064394056828
2020-10-01,jse5,447,90,0.02206673911342522,1.1632460127966298
2020-10-01,lw,447,90,0.029029606622694798,1.2459444741449184
2020-10-01,mp,447,90,0.027704117951258413,1.0990843356304214
2020-11-02,sample,448,90,0.10616116622436095,1.242083909111667
2020-11-02,pca1,448,90,0.030459124386489414,0.6698503046984513
2020-11-02,pca3,448,90,0.029013454220486082,0.7912731861742467
2020-11-02,pca5,448,90,0.029589826795612183,0.8183769801052901
2020-11-02,jse1,448,90,0.030571250222698854,0.6679505353392388
2020-11-02,jse3,448,90,0.028945622611124388,0.7905155974982573
2020-11-02,jse5,448,90,0.02955526077010419,0.8178183551527571
2020-11-02,lw,448,90,0.03514024411580508,1.023450776644416
2020-11-02,mp,448,90,0.03313312372994998,0.769993928646825
2020-12-01,sample,449,90,0.049200098755898695,1.4138678628765995
2020-12-01,pca1,449,90,0.020924915123010573,0.3666413655903611
2020-12-01,pca3,449,90,0.02135511129525697,0.3647175317944095
2020-12-01,pca5,449,90,0.021348717596039627,0.37945412478142965
2020-12-01,jse1,449,90,0.020926308937001353,0.36531356837140544
2020-12-01,jse3,449,90,0.021357296860765103,0.363894227463863
2020-12-01,jse5,449,90,0.021352219110546154,0.37891556220020983
2020-12-01,lw,449,90,0.023749574134760115,0.5025940591251375
2020-12-01,mp,449,90,0.022199691334576555,0.36067124670978656
2021-01-04,sample,450,90,0.04735865126594211,1.9741620481532953
2021-01-04,pca1,450,90,0.033374925779684844,1.7941707265666498
2021-01-04,pca3,450,90,0.02657595559176978,1.7923601705603553
2021-01-04,pca5,450,90,0.025396244713701523,1.8019795987556892
2021-01-04,jse1,450,90,0.03337534174692283,1.794162735524027
2021-01-04,jse3,450,90,0.0265967261608665,1.792322845502064
2021-01-04,jse5,450,90,0.025392502345198933,1.8019709204243068
2021-01-04,lw,450,90,0.028975053554101474,1.8228067896251612
2021-01-04,mp,450,90,0.02639010065255831,1.7980879024202778
2021-02-01,sample,452,91,0.047098329020623504,1.8090269098441256
2021-02-01,pca1,452,91,0.02977881161541399,1.401185682382931
2021-02-01,pca3,452,91,0.027609603397337815,1.4177530100387963
2021-02-01,pca5,452,91,0.028211111006364697,1.4360517538052884
2021-02-01,jse1,452,91,0.02977859272665757,1.4011867739479422
2021-02-01,jse3,452,91,0.02760655789077695,1.4177149823241009
2021-02-01,jse5,452,91,0.02821029405945795,1.4360644412613845
2021-02-01,lw,452,91,0.017834359641833383,1.475613652229205
2021-02-01,mp,452,91,0.016288064844923775,1.4231530150763139
2021-03-01,sample,452,91,0.04816578464336596,1.611270863560063
2021-03-01,pca1,452,91,0.030070633849469425,0.6171523365603072
2021-03-01,pca3,452,91,0.02469579217025064,0.6134656314535353
2021-03-01,pca5,452,91,0.023529278881235644,0.6186759811916501
2021-03-01,jse1,452,91,0.030067211139722817,0.6171563852270175
2021-03-01,jse3,452,91,0.02469966198687795,0.613461147737514
2021-03-01,jse5,452,91,0.023527640747117478,0.6186617232835343
2021-03-01,lw,452,91,0.02113216484401347,0.7135705227223518
2021-03-01,mp,452,91,0.021650621588072672,0.5622493074941909
2021-04-01,sample,452,91,0.022210333708650682,1.7742157527929705
2021-04-01,pca1,452,91,0.01910687621602435,1.4153067009450249
2021-04-01,pca3,452,91,0.017170040776022053,1.424540963681948
2021-04-01,pca5,452,91,0.01736213404508982,1.4661218488192576
2021-04-01,jse1,452,91,0.019106568486395626,1.4153213460747813
2021-04-01,jse3,452,91,0.017165686648426638,1.4244726463011084
2021-04-01,jse5,452,91,0.017360151643828318,1.4660698446682436
2021-04-01,lw,452,91,0.022871520818209867,1.5895339666401198
2021-04-01,mp,452,91,0.014768414136741006,1.4741543736240958
2021-05-03,sample,453,91,0.027737017351069013,1.2524168000708482
2021-05-03,pca1,453,91,0.01832854534662059,0.5907188441972859
2021-05-03,pca3,453,91,0.019630306364376248,0.5770056544577157
2021-05-03,pca5,453,91,0.01896876800117731,0.5988038845293824
2021-05-03,jse1,453,91,0.018339162703551348,0.5904525614333036
2021-05-03,jse3,453,91,0.019626912286108515,0.5770661218355276
2021-05-03,jse5,453,91,0.01896649174626267,0.5986954289674988
2021-05-03,lw,453,91,0.016247333219506624,0.8160380048101084
2021-05-03,mp,453,91,0.017670892759444813,0.5498621951766293
2021-06-01,sample,454,91,0.03556916138815241,1.8235197942597385
2021-06-01,pca1,454,91,0.016977954995764006,1.546476453710658
2021-06-01,pca3,454,91,0.015726042403000507,1.5061285715912271
2021-06-01,pca5,454,91,0.018029305462710622,1.5595270374001102
2021-06-01,jse1,454,91,0.016934189275120654,1.546237560630643
2021-06-01,jse3,454,91,0.015720117400749592,1.5062012735490624
2021-06-01,jse5,454,91,0.018036696971700954,1.5593529559620207
2021-06-01,lw,454,91,0.01825369547426876,1.6617801727046453
2021-06-01,mp,454,91,0.024036470305377852,1.5997717611352118
2021-07-01,sample,454,91,0.04477784111798528,1.3855697847900632
2021-07-01,pca1,454,91,0.030447147169784236,0.23002970951304516
2021-07-01,pca3,454,91,0.023163039181334673,0.19944125820506506
2021-07-01,pca5,454,91,0.02281313778376014,0.3192517125979115
2021-07-01,jse1,454,91,0.030441445934873208,0.22856145218741658
2021-07-01,jse3,454,91,0.023161995074766458,0.1993584791382246
2021-07-01,jse5,454,91,0.02280294801760196,0.31843927871152916
2021-07-01,lw,454,91,0.02749376878430687,0.37066511599954016
2021-07-01,mp,454,91,0.022349282994045323,0.1586325228969625
2021-08-02,sample,455,91,0.03129711892602544,1.5655783427146002
2021-08-02,pca1,455,91,0.024239416874653877,0.8774795887747026
2021-08-02,pca3,455,91,0.02241968791272252,0.9194929388461907
2021-08-02,pca5,455,91,0.023233383459362086,0.9297518304773994
2021-08-02,jse1,455,91,0.024239235644257996,0.8770826009879438
2021-08-02,jse3,455,91,0.022421011242482008,0.9193319928219771
2021-08-02,jse5,455,91,0.02323362847800114,0.9296404805250846
2021-08-02,lw,455,91,0.02548866591339403,1.1103363619627946
2021-08-02,mp,455,91,0.020708153446879755,0.8762627929451281
2021-09-01,sample,458,92,0.039209082555729455,1.9339296184449752
2021-09-01,pca1,458,92,0.017492610764665607,1.738483877828728
2021-09-01,pca3,458,92,0.018409783115519114,1.7636084412107982
2021-09-01,pca5,458,92,0.018694269638690312,1.7667718504547283
2021-09-01,jse1,458,92,0.017492180822413245,1.738476610748183
2021-09-01,jse3,458,92,0.01839951007029938,1.7635418778517702
2021-09-01,jse5,458,92,0.018682952189459357,1.7666882416518461
2021-09-01,lw,458,92,0.0166892073200298,1.880670112231229
2021-09-01,mp,458,92,0.018819955525655768,1.78507000621209
2021-10-01,sample,457,92,0.03268646505677942,1.7161922011760558
2021-10-01,pca1,457,92,0.029107560757065092,1.394005834810863
2021-10-01,pca3,457,92,0.0288495011088597,1.439102315161949
2021-10-01,pca5,457,92,0.02811918301898965,1.4576900804541344
2021-10-01,jse1,457,92,0.02910856226226965,1.3940007809646497
2021-10-01,jse3,457,92,0.028852689035640134,1.4387947129016134
2021-10-01,jse5,457,92,0.028121111454521393,1.457448884864868
2021-10-01,lw,457,92,0.029315552396769633,1.6001398668560927
2021-10-01,mp,457,92,0.03014890562897146,1.4459885947466868
2021-11-01,sample,457,92,0.03872581437161237,1.37567884115463
2021-11-01,pca1,457,92,0.02881228531965419,0.14736648754105836
2021-11-01,pca3,457,92,0.026444082899239194,0.21920166081427506
2021-11-01,pca5,457,92,0.028784247875348352,0.2792543696056334
2021-11-01,jse1,457,92,0.028812670017341592,0.1473014907720216
2021-11-01,jse3,457,92,0.026425815368801633,0.21816309524756775
2021-11-01,jse5,457,92,0.028775020064645974,0.27903894981832766
2021-11-01,lw,457,92,0.021374300448650452,0.45458509005467507
2021-11-01,mp,457,92,0.032662872250491824,0.1998625320784012
2021-12-01,sample,457,92,0.03396265840355209,1.3041242438761333
2021-12-01,pca1,457,92,0.0231760697361335,0.1442849576544057
2021-12-01,pca3,457,92,0.014601987269831173,0.24740000692738517
2021-12-01,pca5,457,92,0.014374106564790469,0.27022195086097317
2021-12-01,jse1,457,92,0.023144213529244412,0.14429152139495155
2021-12-01,jse3,457,92,0.014559353434325227,0.24663209848823836
2021-12-01,jse5,457,92,0.014336849096589102,0.2702425444042483
2021-12-01,lw,457,92,0.016126639229077696,0.3346326226947242
2021-12-01,mp,457,92,0.01614587857262116,0.17987730395050375
2022-01-03,sample,458,92,0.048182261106888696,1.8493334966209958
2022-01-03,pca1,458,92,0.043441300071252874,1.3785570299273142
2022-01-03,pca3,458,92,0.02935737853687284,1.4344629747256066
2022-01-03,pca5,458,92,0.03170078534579647,1.4584718979073739
2022-01-03,jse1,458,92,0.043424569312595813,1.3782097549722976
2022-01-03,jse3,458,92,0.029373134677769894,1.4340075555384604
2022-01-03,jse5,458,92,0.031715049694173686,1.4582941615204774
2022-01-03,lw,458,92,0.031213271103777678,1.4465762049873059
2022-01-03,mp,458,92,0.026404711194711973,1.4414946601089476
2022-02-01,sample,459,92,0.06584002961616404,1.3588215528026708
2022-02-01,pca1,459,92,0.041345803259565196,0.2945446529004213
2022-02-01,pca3,459,92,0.03484087171500494,0.2920376674826532
2022-02-01,pca5,459,92,0.04007971078952864,0.38284133096957607
2022-02-01,jse1,459,92,0.041322649742910264,0.2931538058592006
2022-02-01,jse3,459,92,0.03482598903040593,0.29142828872846
2022-02-01,jse5,459,92,0.040051342985208495,0.3819128830282343
2022-02-01,lw,459,92,0.03604501715367013,0.45353340553093663
2022-02-01,mp,459,92,0.045395507943970986,0.18920736493957782
2022-03-01,sample,460,92,0.056363535711123305,1.7564486445643634
2022-03-01,pca1,460,92,0.019187858710142284,0.8437927067817136
2022-03-01,pca3,460,92,0.019462968249824214,0.8711734820654482
2022-03-01,pca5,460,92,0.022529560106977015,0.9446154013341652
2022-03-01,jse1,460,92,0.019226198776070073,0.8433810469831374
2022-03-01,jse3,460,92,0.019451959941553344,0.8710384551447093
2022-03-01,jse5,460,92,0.02257593576275765,0.9443755232504492
2022-03-01,lw,460,92,0.02924359465866607,1.1360826273431077
2022-03-01,mp,460,92,0.02158084453758753,0.8620730228790826
2022-04-01,sample,461,93,0.06044093631251199,1.6798609971300622
2022-04-01,pca1,461,93,0.03398335808494927,0.8927522237597807
2022-04-01,pca3,461,93,0.03494066706816102,0.9373525909460383
2022-04-01,pca5,461,93,0.02809439309244743,0.979514381238733
2022-04-01,jse1,461,93,0.033997557614206024,0.8920531109628632
2022-04-01,jse3,461,93,0.03495878515576536,0.9370671852906238
2022-04-01,jse5,461,93,0.028098622074118857,0.9794115061654198
2022-04-01,lw,461,93,0.03311132735739019,1.1611060347336484
2022-04-01,mp,461,93,0.03071903340956245,0.8974655201354736
2022-05-02,sample,464,93,0.055649788088527184,1.900486341454829
2022-05-02,pca1,464,93,0.027653523290580153,1.6320589775965975
2022-05-02,pca3,464,93,0.026181025841103402,1.6380736588361298
2022-05-02,pca5,464,93,0.023934583439709493,1.6745284797748559
2022-05-02,jse1,464,93,0.027652166382642417,1.6320986117921406
2022-05-02,jse3,464,93,0.026183544672304694,1.638112348980671
2022-05-02,jse5,464,93,0.023935968427410075,1.6744833586815502
2022-05-02,lw,464,93,0.024790097111933383,1.780571124793176
2022-05-02,mp,464,93,0.024963082754490103,1.665589559491686
2022-06-01,sample,465,93,0.043263082314759255,1.995017022418955
2022-06-01,pca1,465,93,0.024828619289936713,1.748399184170659
2022-06-01,pca3,465,93,0.023671218375432436,1.7446076452033616
2022-06-01,pca5,465,93,0.02552514855764661,1.7529388569858577
2022-06-01,jse1,465,93,0.024818746917128282,1.7484168932329718
2022-06-01,jse3,465,93,0.023678005520689903,1.7445433412919225
2022-06-01,jse5,465,93,0.025523145483848646,1.7529747111180352
2022-06-01,lw,465,93,0.02242101313538635,1.8896516050605794
2022-06-01,mp,465,93,0.019690808453567153,1.7898258035193426
2022-07-01,sample,467,94,0.043772938753012455,1.6887893170592714
2022-07-01,pca1,467,94,0.025657649456334922,1.3699367737250077
2022-07-01,pca3,467,94,0.022258188364270067,1.3972493685094247
2022-07-01,pca5,467,94,0.026480145587099456,1.4097527401125776
2022-07-01,jse1,467,94,0.025674412730689634,1.3699708361035632
2022-07-01,jse3,467,94,0.022263183130378686,1.3969014122342625
2022-07-01,jse5,467,94,0.02648190573316937,1.409597978334547
2022-07-01,lw,467,94,0.0271362627040067,1.6373123060747101
2022-07-01,mp,467,94,0.021135626133036805,1.3759301454144781
2022-08-01,sample,467,94,0.031322925622971204,1.1108809891147562
2022-08-01,pca1,467,94,0.020523659436568312,0.15529203187056817
2022-08-01,pca3,467,94,0.02072290167364026,0.2070429635448284
2022-08-01,pca5,467,94,0.021810364290167656,0.2491617628317343
2022-08-01,jse1,467,94,0.020518279531674635,0.1553092627244142
2022-08-01,jse3,467,94,0.020725208255273665,0.20677640496426347
2022-08-01,jse5,467,94,0.021807129558811568,0.24882219887120643
2022-08-01,lw,467,94,0.025940596795409075,0.4493301729352207
2022-08-01,mp,467,94,0.023898836954005992,0.10909797914454122
2022-09-01,sample,467,94,0.03708615197594692,1.4184349876661986
2022-09-01,pca1,467,94,0.02851180448329416,0.16283208475048674
2022-09-01,pca3,467,94,0.025271666264305895,0.22927726705024196
2022-09-01,pca5,467,94,0.024505302574868888,0.28179942128078017
2022-09-01,jse1,467,94,0.028542193145129294,0.16279127758911252
2022-09-01,jse3,467,94,0.025279014520475266,0.22890038066492413
2022-09-01,jse5,467,94,0.024509637300229453,0.28126773207738
2022-09-01,lw,467,94,0.023972803392318175,0.48598944747051975
2022-09-01,mp,467,94,0.020463480708638123,0.1310171415224501
2022-10-03,sample,469,94,0.041084707591203744,1.7523875532035569
2022-10-03,pca1,469,94,0.039540595768194534,1.5351435307844277
2022-10-03,pca3,469,94,0.03827160403389355,1.5665135239863281
2022-10-03,pca5,469,94,0.03834599057844985,1.585474249208053
2022-10-03,jse1,469,94,0.03954515380362975,1.5351086241161793
2022-10-03,jse3,469,94,0.03826509997315804,1.5664815058022858
2022-10-03,jse5,469,94,0.03834434354234293,1.5854461139407943
2022-10-03,lw,469,94,0.03170152948809276,1.6949673919929606
2022-10-03,mp,469,94,0.032655601889892416,1.56831199518715
2022-11-01,sample,471,95,0.03820905340274546,1.969584455541719
2022-11-01,pca1,471,95,0.027743328803140323,1.965216474445326
2022-11-01,pca3,471,95,0.025949145967726628,1.9730865370812318
2022-11-01,pca5,471,95,0.02596230546558222,1.9769802637521767
2022-11-01,jse1,471,95,0.027727477833673134,1.9652063401024606
2022-11-01,jse3,471,95,0.02594277346562442,1.9730695502066626
2022-11-01,jse5,471,95,0.025955572800964537,1.9769665628860542
2022-11-01,lw,471,95,0.0296051543151966,1.9660004105786244
2022-11-01,mp,471,95,0.02636751057440882,1.9645669311073972
2022-12-01,sample,472,95,0.03006968387481501,1.8103400801224194
2022-12-01,pca1,472,95,0.02187968868705939,1.2864384114684984
2022-12-01,pca3,472,95,0.019945716911188176,1.2915717488532348
2022-12-01,pca5,472,95,0.019620935470128723,1.3063361127688222
2022-12-01,jse1,472,95,0.021888342803209143,1.2863422493635825
2022-12-01,jse3,472,95,0.019948042374135947,1.291529116370804
2022-12-01,jse5,472,95,0.019620806640343987,1.3063322738902134
2022-12-01,lw,472,95,0.01790193350695448,1.4160297475816306
2022-12-01,mp,472,95,0.016324796062535243,1.2381349569525533
2023-01-03,sample,474,95,0.04293051674015505,1.7321873841207127
2023-01-03,pca1,474,95,0.021045127120424438,1.2310862517688153
2023-01-03,pca3,474,95,0.021864643242774033,1.2730637146730555
2023-01-03,pca5,474,95,0.020308675393680364,1.2923738165714886
2023-01-03,jse1,474,95,0.021073163179401878,1.2312040386490837
2023-01-03,jse3,474,95,0.021889959814311247,1.2730773837679807
2023-01-03,jse5,474,95,0.020313786486907945,1.2923670240399447
2023-01-03,lw,474,95,0.01839123029759733,1.3808723480986012
2023-01-03,mp,474,95,0.023635114093220524,1.2678715717522278
2023-02-01,sample,473,95,0.051269897986239085,1.2810435677396312
2023-02-01,pca1,473,95,0.026560468743199082,0.3083776189591013
2023-02-01,pca3,473,95,0.02794529964634729,0.34342943685213034
2023-02-01,pca5,473,95,0.03208263242953971,0.3624927772774066
2023-02-01,jse1,473,95,0.026595144568799654,0.30826494195662724
2023-02-01,jse3,473,95,0.02797668061852517,0.34338872705569423
2023-02-01,jse5,473,95,0.032094532858721325,0.3624590499517444
2023-02-01,lw,473,95,0.031540603189763705,0.42287107686495706
2023-02-01,mp,473,95,0.029268371374896407,0.25166570114662795
2023-03-01,sample,473,95,0.03677070908149824,1.372035930870655
2023-03-01,pca1,473,95,0.024693950400378556,0.17994380209769242
2023-03-01,pca3,473,95,0.024134782233758343,0.19699067961187977
2023-03-01,pca5,473,95,0.023324696413960632,0.2588707733339473
2023-03-01,jse1,473,95,0.024714173419762203,0.1794849607793348
2023-03-01,jse3,473,95,0.024145968114508882,0.19677787532525823
2023-03-01,jse5,473,95,0.02333353312328081,0.258695173386518
2023-03-01,lw,473,95,0.023022918844615513,0.4806424794044119
2023-03-01,mp,473,95,0.021803747728564273,0.111988873409616
2023-04-03,sample,476,96,0.05358530907254816,1.9365470219720327
2023-04-03,pca1,476,96,0.02513441893933365,1.7308317926461996
2023-04-03,pca3,476,96,0.02422932010297503,1.7494044085172589
2023-04-03,pca5,476,96,0.02645173168057145,1.7486584416224817
2023-04-03,jse1,476,96,0.025074197347721403,1.730695763601752
2023-04-03,jse3,476,96,0.024212480656654614,1.7493316167939081
2023-04-03,jse5,476,96,0.026432668620245004,1.748602735533209
2023-04-03,lw,476,96,0.02533680010221315,1.8018349586072604
2023-04-03,mp,476,96,0.033233564507860656,1.756925473035902
2023-05-01,sample,476,96,0.042140735543686386,1.3695758085940624
2023-05-01,pca1,476,96,0.024817849405447696,0.1918645660060373
2023-05-01,pca3,476,96,0.02275699516203603,0.2090066194658043
2023-05-01,pca5,476,96,0.021253303241882255,0.23259185277387823
2023-05-01,jse1,476,96,0.024877859712746708,0.19150948942301965
2023-05-01,jse3,476,96,0.022772023740102103,0.20889143269937524
2023-05-01,jse5,476,96,0.02126020985870749,0.23251265019423756
2023-05-01,lw,476,96,0.021335580580465106,0.4164741262501519
2023-05-01,mp,476,96,0.024007291774450136,0.1090871221253409
2023-06-01,sample,478,96,0.03676877132446668,1.8725654007925463
2023-06-01,pca1,478,96,0.01955226434269303,1.7920407619818084
2023-06-01,pca3,478,96,0.019608099757401284,1.8079789065345693
2023-06-01,pca5,478,96,0.016692856758514354,1.8133874370189893
2023-06-01,jse1,478,96,0.019521396829110305,1.7920831468054845
2023-06-01,jse3,478,96,0.019593467662791384,1.8080026935790403
2023-06-01,jse5,478,96,0.01669111361360725,1.8133625816068957
2023-06-01,lw,478,96,0.017439300814931787,1.8540886877275098
2023-06-01,mp,478,96,0.019713013446615,1.803146391760687
2023-07-03,sample,478,96,0.04309775350957553,1.6174600316834105
2023-07-03,pca1,478,96,0.023139836088551212,0.7907276407638584
2023-07-03,pca3,478,96,0.02399223782910509,0.8127509078030084
2023-07-03,pca5,478,96,0.023229170789961322,0.8400277633245362
2023-07-03,jse1,478,96,0.023167925748638983,0.7906017150117077
2023-07-03,jse3,478,96,0.02400364582327817,0.8125566311090303
2023-07-03,jse5,478,96,0.0232376047513155,0.8398944709701346
2023-07-03,lw,478,96,0.02549504110378865,0.9952617947989115
2023-07-03,mp,478,96,0.02278357243045373,0.7763922274503255
2023-08-01,sample,479,96,0.03526851782689018,1.6669863297831267
2023-08-01,pca1,479,96,0.017369378188148404,1.4766914916248626
2023-08-01,pca3,479,96,0.016636755324852825,1.510151919549183
2023-08-01,pca5,479,96,0.017802451366769004,1.5259221478773441
2023-08-01,jse1,479,96,0.01737250559483264,1.476543750982298
2023-08-01,jse3,479,96,0.01663031998912479,1.5099765587441745
2023-08-01,jse5,479,96,0.01779012141425991,1.5257621452009116
2023-08-01,lw,479,96,0.019972657273217464,1.5438632106466728
2023-08-01,mp,479,96,0.01967145932736762,1.4463394121137962
2023-09-01,sample,480,96,0.036061422153814554,1.7297973404539309
2023-09-01,pca1,480,96,0.018927778971721945,1.4346608129273117
2023-09-01,pca3,480,96,0.020066521559084182,1.4332650183214986
2023-09-01,pca5,480,96,0.019285977834516008,1.4380177103658562
2023-09-01,jse1,480,96,0.018973894053534744,1.434021930077869
2023-09-01,jse3,480,96,0.020065169717781422,1.4330044217503521
2023-09-01,jse5,480,96,0.01928470119752688,1.437813778244076
2023-09-01,lw,480,96,0.017435413854286777,1.4987518074793165
2023-09-01,mp,480,96,0.015413438027159266,1.3988964750350985
2023-10-02,sample,479,96,0.053226725054789155,1.921895171967594
2023-10-02,pca1,479,96,0.02948917295255003,1.7760972876794596
2023-10-02,pca3,479,96,0.028598393798210716,1.7914197183960505
2023-10-02,pca5,479,96,0.029615014115264963,1.7921778462714297
2023-10-02,jse1,479,96,0.02951741011869503,1.776327507982265
2023-10-02,jse3,479,96,0.028615262543832596,1.7916886076861611
2023-10-02,jse5,479,96,0.029624253693632197,1.7923060531632817
2023-10-02,lw,479,96,0.024990481786541483,1.8256531683956716
2023-10-02,mp,479,96,0.029774407798409595,1.765497854208622
2023-11-01,sample,481,97,0.03553286953845171,1.8002681568027739
2023-11-01,pca1,481,97,0.017660936492713015,1.4255485494141653
2023-11-01,pca3,481,97,0.018877170354404695,1.4719460631555952
2023-11-01,pca5,481,97,0.019273247820698995,1.4656702395750467
2023-11-01,jse1,481,97,0.017628464894528482,1.42476331033137
2023-11-01,jse3,481,97,0.018878327457407695,1.4718292318739004
2023-11-01,jse5,481,97,0.01925487637645921,1.4656120720348382
2023-11-01,lw,481,97,0.020020342411783028,1.4757114980388732
2023-11-01,mp,481,97,0.018544933337224942,1.3252743878490794
2023-12-01,sample,481,97,0.03732972282790959,1.2466205657719107
2023-12-01,pca1,481,97,0.023998409666132176,0.15568536659255933
2023-12-01,pca3,481,97,0.02398705560771323,0.17535885425750708
2023-12-01,pca5,481,97,0.023572372266036895,0.16177243076897183
2023-12-01,jse1,481,97,0.023973628630108147,0.15439172307274754
2023-12-01,jse3,481,97,0.02397633948757816,0.1753697571874212
2023-12-01,jse5,481,97,0.023541085439070415,0.16134155847959905
2023-12-01,lw,481,97,0.025031831497423832,0.30408672278047727
2023-12-01,mp,481,97,0.024073829378850994,0.07962308717852234
2024-01-02,sample,481,97,0.04653416306131261,1.4167516062930166
2024-01-02,pca1,481,97,0.024407068703460485,0.13422914384948903
2024-01-02,pca3,481,97,0.021849114945170688,0.20960554849409382
2024-01-02,pca5,481,97,0.02168971593677966,0.19815902386281087
2024-01-02,jse1,481,97,0.024405782619771957,0.13412625855233046
2024-01-02,jse3,481,97,0.021860487187806893,0.20939153375319863
2024-01-02,jse5,481,97,0.021699748723493763,0.19790297438053045
2024-01-02,lw,481,97,0.024564508657394353,0.34839468817580904
2024-01-02,mp,481,97,0.017535266292980797,0.10116694123375089
2024-02-01,sample,482,97,0.039371948090519256,1.4773143999726466
2024-02-01,pca1,482,97,0.025842405388343724,0.3538379633289249
2024-02-01,pca3,482,97,0.025157760201658948,0.42297450295879413
2024-02-01,pca5,482,97,0.024321909535318778,0.4749643213523105
2024-02-01,jse1,482,97,0.025841132684887736,0.3538226921788492
2024-02-01,jse3,482,97,0.025151666223654615,0.4229120327203342
2024-02-01,jse5,482,97,0.02432144209746942,0.4748782442027807
2024-02-01,lw,482,97,0.025223663761959933,0.5374097149803115
2024-02-01,mp,482,97,0.02529064832617924,0.25547169729670954
2024-03-01,sample,482,97,0.03618286482108812,1.4142395111102977
2024-03-01,pca1,482,97,0.01788526771222182,0.18572640113478758
2024-03-01,pca3,482,97,0.016825989295376903,0.29328871013528574
2024-03-01,pca5,482,97,0.016851870109757985,0.32323734925385994
2024-03-01,jse1,482,97,0.0178852157651931,0.18571318744118703
2024-03-01,jse3,482,97,0.016800261588886076,0.29286227604451215
2024-03-01,jse5,482,97,0.016826119640665296,0.32265680230600047
2024-03-01,lw,482,97,0.0159439839784858,0.41956585562836174
2024-03-01,mp,482,97,0.016799309791344592,0.16683480334109574
2024-04-01,sample,484,97,0.027705060770406836,1.8744486553032988
2024-04-01,pca1,484,97,0.024408635023705764,1.5923336987097132
2024-04-01,pca3,484,97,0.022238526656562355,1.61798005178187
2024-04-01,pca5,484,97,0.023941872104331876,1.6151673612822939
2024-04-01,jse1,484,97,0.02429347619836986,1.5920381989973387
2024-04-01,jse3,484,97,0.02215425185946553,1.6176771861170884
2024-04-01,jse5,484,97,0.023867411987657936,1.615201550845663
2024-04-01,lw,484,97,0.014402412694351925,1.681122047844385
2024-04-01,mp,484,97,0.01832419485016908,1.5992687056329764
2024-05-01,sample,482,97,0.027677985569030346,1.473071285573299
2024-05-01,pca1,482,97,0.021410253383393613,0.32783280098540674
2024-05-01,pca3,482,97,0.022172904313977556,0.34805999738091564
2024-05-01,pca5,482,97,0.022094388334868095,0.427384499441656
2024-05-01,jse1,482,97,0.02139685042487606,0.3272648082438808
2024-05-01,jse3,482,97,0.02214879380597553,0.3475796799251981
2024-05-01,jse5,482,97,0.022082182127786076,0.4268983957948109
2024-05-01,lw,482,97,0.02267022857119322,0.4380745771171658
2024-05-01,mp,482,97,0.02352299619792558,0.2580324724211508
2024-06-03,sample,483,97,0.04550057910981398,1.5519597889251802
2024-06-03,pca1,483,97,0.03187948389248987,0.2687005398211127
2024-06-03,pca3,483,97,0.025514697387125543,0.29294410761152456
2024-06-03,pca5,483,97,0.025512583246072706,0.32955662319364976
2024-06-03,jse1,483,97,0.03188244572306757,0.26885756650627285
2024-06-03,jse3,483,97,0.025494786064577342,0.29289797473392404
2024-06-03,jse5,483,97,0.025505676383912722,0.32967274061813495
2024-06-03,lw,483,97,0.022960694006799277,0.4336769606951139
2024-06-03,mp,483,97,0.024191961287711356,0.19070575034243403
2024-07-01,sample,486,98,0.0655032493676884,1.6511032984085312
2024-07-01,pca1,486,98,0.0390433310358995,1.5463456778375775
2024-07-01,pca3,486,98,0.03533974391758284,1.5334371604486898
2024-07-01,pca5,486,98,0.036361243794241986,1.5415210453876371
2024-07-01,jse1,486,98,0.03913054950687494,1.5463488935272556
2024-07-01,jse3,486,98,0.03533589909232473,1.5338925323390724
2024-07-01,jse5,486,98,0.036360699063779686,1.5418024160041854
2024-07-01,lw,486,98,0.04256498698452555,1.619400445152883
2024-07-01,mp,486,98,0.0404082740933545,1.5651752723839698
2024-08-01,sample,487,98,0.03508654265690422,1.5466142039948867
2024-08-01,pca1,487,98,0.024492200369223265,0.4917373127950134
2024-08-01,pca3,487,98,0.023794370260903627,0.46688896099845656
2024-08-01,pca5,487,98,0.025936923188017356,0.5303234749189966
2024-08-01,jse1,487,98,0.024534677860296276,0.49117717835326447
2024-08-01,jse3,487,98,0.023830365464489144,0.46662444682596005
2024-08-01,jse5,487,98,0.025949781310286895,0.5294564945978205
2024-08-01,lw,487,98,0.023703418336163178,0.6579159749676318
2024-08-01,mp,487,98,0.02705849103186025,0.4909581886619462
2024-09-03,sample,487,98,0.028577438328580045,1.1986466415393
2024-09-03,pca1,487,98,0.021449080279251437,0.17372840933865358
2024-09-03,pca3,487,98,0.020317472984447,0.2127457318645079
2024-09-03,pca5,487,98,0.019266717255192328,0.24523707034462663
2024-09-03,jse1,487,98,0.021422711053382407,0.17375794777649403
2024-09-03,jse3,487,98,0.020295630736945774,0.21269635436684045
2024-09-03,jse5,487,98,0.019254685213125976,0.24517303257296316
2024-09-03,lw,487,98,0.02347779006748823,0.3411104245961533
2024-09-03,mp,487,98,0.025955449775864628,0.10168456249468075
2024-10-01,sample,486,98,0.04141147203376801,2.0
2024-10-01,pca1,486,98,0.03349793490233829,1.9728104779452866
2024-10-01,pca3,486,98,0.03135385564055663,1.9761706725816233
2024-10-01,pca5,486,98,0.03119751151022365,1.9745445219703828
2024-10-01,jse1,486,98,0.0334950121212901,1.9728192754540244
2024-10-01,jse3,486,98,0.03135344698973002,1.9761716552810902
2024-10-01,jse5,486,98,0.031196974535153334,1.9745599989652463
2024-10-01,lw,486,98,0.028230400546221262,1.981646237250367
2024-10-01,mp,486,98,0.027866335752284376,1.987446163850033
2024-11-01,sample,486,98,0.05766689386900575,1.4964042941335132
2024-11-01,pca1,486,98,0.027442321823917294,0.23908713293238085
2024-11-01,pca3,486,98,0.022119465233179276,0.30130287693436375
2024-11-01,pca5,486,98,0.020083361439017993,0.3470558289940622
2024-11-01,jse1,486,98,0.02744578556019071,0.23906751722177147
2024-11-01,jse3,486,98,0.022110359247391267,0.3006503778396664
2024-11-01,jse5,486,98,0.020070456577212563,0.3465452807293173
2024-11-01,lw,486,98,0.03342915383521933,0.3268921272402067
2024-11-01,mp,486,98,0.02933480624992642,0.19172658006064494
2024-12-02,sample,487,98,0.027162526784325066,1.4960998905176253
2024-12-02,pca1,487,98,0.019971590266939825,0.40656853201507526
2024-12-02,pca3,487,98,0.021467225714858443,0.4140877688342794
2024-12-02,pca5,487,98,0.02362289094683092,0.4494267244359585
2024-12-02,jse1,487,98,0.019969193366970693,0.40638529267437384
2024-12-02,jse3,487,98,0.021466214295648732,0.41345376487127056
2024-12-02,jse5,487,98,0.023623074411857112,0.44908681430555075
2024-12-02,lw,487,98,0.022168644981427888,0.5312587278793668
2024-12-02,mp,487,98,0.02212559463420187,0.4003739232229414
2025-01-02,sample,489,98,0.032459701276962585,1.9317621379301997
2025-01-02,pca1,489,98,0.029625483210222587,1.8426601228620392
2025-01-02,pca3,489,98,0.02858301379901035,1.8480845525350287
2025-01-02,pca5,489,98,0.028270458457255253,1.8576342990886099
2025-01-02,jse1,489,98,0.029619392206452835,1.8426635371303104
2025-01-02,jse3,489,98,0.028580807643633247,1.8480599537795412
2025-01-02,jse5,489,98,0.028267523912477242,1.8576767720361267
2025-01-02,lw,489,98,0.024576895425398048,1.8843472106050716
2025-01-02,mp,489,98,0.023414312768388644,1.8624155800710256
2025-02-03,sample,489,98,0.04162307278583844,1.3275342917849142
2025-02-03,pca1,489,98,0.03541308870692715,0.23080970470754686
2025-02-03,pca3,489,98,0.03221753285751942,0.28605905736520426
2025-02-03,pca5,489,98,0.030263225728334054,0.30357594080173667
2025-02-03,jse1,489,98,0.03539123979209651,0.2308650523154375
2025-02-03,jse3,489,98,0.03221044444490315,0.2856386115064528
2025-02-03,jse5,489,98,0.030248200183691062,0.3031547513303124
2025-02-03,lw,489,98,0.025435358373037776,0.22448509437702588
2025-02-03,mp,489,98,0.027504212544091224,0.11670742833457631
2025-03-03,sample,489,98,0.027640132878630094,1.4146367593270488
2025-03-03,pca1,489,98,0.02150051174262368,0.2615237242573841
2025-03-03,pca3,489,98,0.02485685910584059,0.3076144768600818
2025-03-03,pca5,489,98,0.02165451083956255,0.32886281911067666
2025-03-03,jse1,489,98,0.021537820561066887,0.2606994796501153
2025-03-03,jse3,489,98,0.02488858124216215,0.3071828739788186
2025-03-03,jse5,489,98,0.021684408710687223,0.32822596013980804
2025-03-03,lw,489,98,0.01826538786700797,0.3149849447375069
2025-03-03,mp,489,98,0.019844415373139402,0.18709237536224896
2025-04-01,sample,489,98,0.05685226430939889,1.8707812107535469
2025-04-01,pca1,489,98,0.025023615187974323,1.6477047298843885
2025-04-01,pca3,489,98,0.02578808345587299,1.652557313482284
2025-04-01,pca5,489,98,0.023782941939899178,1.6592719430650895
2025-04-01,jse1,489,98,0.02508026255988609,1.64762015089355
2025-04-01,jse3,489,98,0.02577947437358609,1.6523269241855578
2025-04-01,jse5,489,98,0.0237950423039282,1.659091681705192
2025-04-01,lw,489,98,0.0270716801733783,1.6879253870314996
2025-04-01,mp,489,98,0.025602714085326835,1.663574426145599
2025-05-01,sample,489,98,0.07017392792165854,1.4080519624639942
2025-05-01,pca1,489,98,0.02522338435224337,0.23733193127612232
2025-05-01,pca3,489,98,0.02153513824355166,0.3295216284945631
2025-05-01,pca5,489,98,0.0202540969956131,0.24603089385333735
2025-05-01,jse1,489,98,0.025207019543837455,0.2371599409918055
2025-05-01,jse3,489,98,0.021529705281748863,0.32890810058162157
2025-05-01,jse5,489,98,0.020251977020079276,0.24546701067958648
2025-05-01,lw,489,98,0.01945911956745027,0.32281532255697204
2025-05-01,mp,489,98,0.0228855263972255,0.09297410492564206
2025-06-02,sample,490,98,0.03053526662186202,1.8879576713302642
2025-06-02,pca1,490,98,0.019862698682469745,1.6454261794565057
2025-06-02,pca3,490,98,0.020819796779765764,1.6652539839854814
2025-06-02,pca5,490,98,0.02003320409723613,1.6775061470322745
2025-06-02,jse1,490,98,0.01986273831713881,1.6453787710395065
2025-06-02,jse3,490,98,0.020818831606147375,1.6652065512473884
2025-06-02,jse5,490,98,0.020032436437910972,1.6774705596021646
2025-06-02,lw,490,98,0.02079718922856504,1.6530364660992838
2025-06-02,mp,490,98,0.016911181852970712,1.634777175647014
2025-07-01,sample,490,98,0.05536977462088314,1.4358139142524917
2025-07-01,pca1,490,98,0.03621996962164642,0.14112143921889606
2025-07-01,pca3,490,98,0.034630187398103245,0.166512898806579
2025-07-01,pca5,490,98,0.03427097233586672,0.22766568601377704
2025-07-01,jse1,490,98,0.03621825157118822,0.14111316134439983
2025-07-01,jse3,490,98,0.03463263564281332,0.1664622155049301
2025-07-01,jse5,490,98,0.0342718011014429,0.22763986905464237
2025-07-01,lw,490,98,0.02995644442006295,0.20641452665778184
2025-07-01,mp,490,98,0.028741587736759246,0.03458533851503329
2025-08-01,sample,493,99,0.022518332929705304,1.8810785458167234
2025-08-01,pca1,493,99,0.024703384783027436,1.5806799704959569
2025-08-01,pca3,493,99,0.023669412280724868,1.5895260415937693
2025-08-01,pca5,493,99,0.021670935065507383,1.5765795140321663
2025-08-01,jse1,493,99,0.02470325804287525,1.5806626507540709
2025-08-01,jse3,493,99,0.023683362050629122,1.589282508081229
2025-08-01,jse5,493,99,0.021688654111444702,1.5763866771507766
2025-08-01,lw,493,99,0.01499958887903802,1.5920742208812624
2025-08-01,mp,493,99,0.01616227837485171,1.5295763545484884
2025-09-02,sample,495,99,0.04292691850524235,1.6139293076311996
2025-09-02,pca1,495,99,0.023353121768899435,1.1943171963198753
2025-09-02,pca3,495,99,0.023769302807946348,1.2145126169199973
2025-09-02,pca5,495,99,0.024511900861119953,1.2305264543820864
2025-09-02,jse1,495,99,0.02336343324779658,1.1942952507182238
2025-09-02,jse3,495,99,0.023780690455593074,1.2143387192087747
2025-09-02,jse5,495,99,0.02452227637229791,1.2303375365322693
2025-09-02,lw,495,99,0.022799756066481207,1.2623335396083462
2025-09-02,mp,495,99,0.022692849061257066,1.1690763337820695
2025-10-01,sample,495,99,0.044123386943208436,1.644527204917012
2025-10-01,pca1,495,99,0.034642536308473006,0.8559270792283735
2025-10-01,pca3,495,99,0.029400870476474758,0.8566369812293746
2025-10-01,pca5,495,99,0.02827632058371601,0.8940247469552318
2025-10-01,jse1,495,99,0.034644048601840845,0.8557451747819741
2025-10-01,jse3,495,99,0.029404269552377453,0.856553301624032
2025-10-01,jse5,495,99,0.02827940942594198,0.8939294884156048
2025-10-01,lw,495,99,0.027539699616323743,0.9359463770251404
2025-10-01,mp,495,99,0.026306741101587396,0.8079015268078842
2025-11-03,sample,494,99,0.0519733178080075,1.4652759762671057
2025-11-03,pca1,494,99,0.03855459132029493,1.09033098573983
2025-11-03,pca3,494,99,0.02896334179130025,1.0985921141551125
2025-11-03,pca5,494,99,0.028973163033496452,1.1092667321796612
2025-11-03,jse1,494,99,0.03856467899077525,1.0900769637828236
2025-11-03,jse3,494,99,0.028954283731527333,1.0986397270421158
2025-11-03,jse5,494,99,0.02896991610275459,1.109256355917148
2025-11-03,lw,494,99,0.025475677122796518,1.1150880637932725
2025-11-03,mp,494,99,0.024093568802709353,1.0088170047942264
2025-12-01,sample,494,99,0.027241932549344778,1.6677388262355435
2025-12-01,pca1,494,99,0.017524454145725673,1.1705066819573395
2025-12-01,pca3,494,99,0.017770522155611097,1.153258280586427
2025-12-01,pca5,494,99,0.017358800794192383,1.165271111768851
2025-12-01,jse1,494,99,0.01751445542042626,1.1702443719538773
2025-12-01,jse3,494,99,0.017752167817048418,1.153191667685249
2025-12-01,jse5,494,99,0.017353195866052086,1.1651945021533283
2025-12-01,lw,494,99,0.024004619474987818,1.2101908489323638
2025-12-01,mp,494,99,0.01852971508444067,1.0875198663155865
2026-01-02,sample,496,100,0.048019582879524056,1.835427221409721
2026-01-02,pca1,496,100,0.031511810353823555,1.8466146478375656
2026-01-02,pca3,496,100,0.0314941731383266,1.8345327454290647
2026-01-02,pca5,496,100,0.030173413580576347,1.8422815244575301
2026-01-02,jse1,496,100,0.03146903347988093,1.8465347099654135
2026-01-02,jse3,496,100,0.031449476508932886,1.8344455371404538
2026-01-02,jse5,496,100,0.030123916897089504,1.8421774154024606
2026-01-02,lw,496,100,0.029135788766288195,1.8969786070841055
2026-01-02,mp,496,100,0.025736104097439188,1.8560522880883028
2026-02-02,sample,498,100,0.05058448893877357,1.6846894047488465
2026-02-02,pca1,498,100,0.02885656719526688,0.9303601128627115
2026-02-02,pca3,498,100,0.03031006643628025,0.9452062179112849
2026-02-02,pca5,498,100,0.03238048020052839,0.9303239021594499
2026-02-02,jse1,498,100,0.028867753738406,0.9299245952855991
2026-02-02,jse3,498,100,0.030316653504961686,0.9448361473434469
2026-02-02,jse5,498,100,0.032379518978665374,0.9298745107559331
2026-02-02,lw,498,100,0.026969082050257102,0.9789261110759736
2026-02-02,mp,498,100,0.028837103087843485,0.8144185572307039
2026-03-02,sample,500,100,0.04523870835188306,1.8937385639988562
2026-03-02,pca1,500,100,0.0260332492378742,1.6958775579195904
2026-03-02,pca3,500,100,0.02398007911010202,1.7068472013565925
2026-03-02,pca5,500,100,0.024774648189772524,1.7148943952772973
2026-03-02,jse1,500,100,0.026042639596682786,1.6957739818336295
2026-03-02,jse3,500,100,0.023969504758798416,1.706773175965019
2026-03-02,jse5,500,100,0.02476675292380655,1.7148235275210393
2026-03-02,lw,500,100,0.026256148936513127,1.720262384852941
2026-03-02,mp,500,100,0.024564888187115483,1.6774774484238626
2026-04-01,sample,499,100,0.050165105212150604,1.8001504877380987
2026-04-01,pca1,499,100,0.04830020388677365,1.6540788865874916
2026-04-01,pca3,499,100,0.03725751754626045,1.6393630137549238
2026-04-01,pca5,499,100,0.03270875905744771,1.6779165071343973
2026-04-01,jse1,499,100,0.04823098637056576,1.6538808136455696
2026-04-01,jse3,499,100,0.03720289900818783,1.6393045180507233
2026-04-01,jse5,499,100,0.032679255034476135,1.6778068398530999
2026-04-01,lw,499,100,0.030154401853721105,1.7217887230063045
2026-04-01,mp,499,100,0.027902009999370668,1.6190356374066768
2026-05-01,sample,500,100,0.04827239162836592,1.9344589396868366
2026-05-01,pca1,500,100,0.04127514528160279,1.7517052113602447
2026-05-01,pca3,500,100,0.029986405147820843,1.786807129617478
2026-05-01,pca5,500,100,0.028606959288380245,1.7774995385983428
2026-05-01,jse1,500,100,0.04118859683338171,1.7516176648441788
2026-05-01,jse3,500,100,0.029976209779073507,1.7866831792685847
2026-05-01,jse5,500,100,0.02859958650502228,1.777360081077157
2026-05-01,lw,500,100,0.03272604799049179,1.816715249255874
2026-05-01,mp,500,100,0.03418503205960333,1.7306412736095613
2026-06-01,sample,502,101,0.06376559044291127,1.9430857279826061
2026-06-01,pca1,502,101,0.03842350535286127,1.8127372867932006
2026-06-01,pca3,502,101,0.025481730283967666,1.835544781404236
2026-06-01,pca5,502,101,0.025708134677895008,1.8223454501952334
2026-06-01,jse1,502,101,0.038430323637555226,1.8125681871072878
2026-06-01,jse3,502,101,0.02548927780484981,1.8353799806604352
2026-06-01,jse5,502,101,0.025696791087150662,1.8221313523540612
2026-06-01,lw,502,101,0.026987573016396,1.8282869783262883
2026-06-01,mp,502,101,0.02720836569957011,1.7759111626892468
