window,arm,pc,p,coverage,univ_hash,pre_gics_restructure,snrhat,screen_q99,c4_flag,win_shuf_max,detectable,floor_raw,floor_rep,corrected,D,Dp,sec_r2,L,exact_p,a_match,screen_fail_high_known,cond,sec_min_count,label,recurrent
2022-11-21,A,1,458,0.911,f86a960ad380,True,5.6974,10.1092,True,1.523,False,0.1493,0.2181,True,0.4374,0.4555,0.8184,0.3519,0.0159,0.899,True,4.7,19,noise-like,False
2022-11-21,A,2,458,0.911,f86a960ad380,True,3.3708,1.6773,True,1.523,True,0.2288,0.2976,True,0.2745,0.4157,0.9232,0.1277,0.0159,0.5819,False,4.7,19,high-known-association,False
2022-11-21,A,3,458,0.911,f86a960ad380,True,2.3655,1.359,True,1.523,True,0.2971,0.3659,True,0.103,0.1048,0.774,0.3159,0.1429,0.6783,False,4.7,19,mixed-uncertain,False
2022-11-21,A,4,458,0.911,f86a960ad380,True,2.0625,1.2024,True,1.523,True,0.3265,0.3953,True,0.0755,0.1418,0.5474,0.1613,0.3175,0.6788,False,4.7,19,detectable-candidate-residual-risk,False
2022-11-21,A,5,458,0.911,f86a960ad380,True,1.8978,1.0635,True,1.523,True,0.3451,0.4139,True,0.178,0.1916,0.6687,0.1685,0.0317,0.5408,False,4.7,19,mixed-uncertain,False
2022-11-21,B,1,458,0.911,f86a960ad380,True,4.5631,10.6314,True,1.546,False,0.1798,0.2485,True,0.705,0.7372,0.6051,0.5309,0.0159,,True,994.6,19,noise-like,False
2022-11-21,B,2,458,0.911,f86a960ad380,True,2.304,1.8276,True,1.546,True,0.3027,0.3714,True,0.6231,0.6013,0.5087,0.1296,0.0159,,False,994.6,19,high-known-association,False
2022-11-21,B,3,458,0.911,f86a960ad380,True,1.9408,1.4592,True,1.546,True,0.34,0.4088,True,0.3587,0.3363,0.2817,0.2493,0.0794,,False,994.6,19,mixed-uncertain,False
2022-11-21,B,4,458,0.911,f86a960ad380,True,1.7015,1.2464,True,1.546,True,0.3702,0.4389,True,0.2734,0.2636,0.2166,0.367,0.3016,,False,994.6,19,detectable-candidate-residual-risk,False
2022-11-21,B,5,458,0.911,f86a960ad380,True,1.631,1.118,True,1.546,True,0.3801,0.4489,True,0.5554,0.4101,0.3373,0.2055,0.0159,,False,994.6,19,high-known-association,False
2023-02-23,A,1,461,0.917,4b51b08190d2,True,10.6672,10.1092,True,1.982,True,0.0857,0.154,True,0.5079,0.711,0.9746,0.3296,0.0159,0.8725,False,4.0,19,high-known-association,False
2023-02-23,A,2,461,0.917,4b51b08190d2,True,6.1218,1.6773,True,1.982,True,0.1404,0.2087,True,0.4469,0.5406,0.8499,0.0925,0.0159,0.8696,False,4.0,19,high-known-association,False
2023-02-23,A,3,461,0.917,4b51b08190d2,True,2.9544,1.359,True,1.982,True,0.2529,0.3212,True,0.133,0.0591,0.6795,0.4235,0.1111,0.8774,False,4.0,19,mixed-uncertain,False
2023-02-23,A,4,461,0.917,4b51b08190d2,True,2.3449,1.2024,True,1.982,True,0.299,0.3673,True,0.1327,0.0235,0.6473,0.217,0.0635,0.6613,False,4.0,19,mixed-uncertain,False
2023-02-23,A,5,461,0.917,4b51b08190d2,True,2.2062,1.0635,True,1.982,True,0.3119,0.3802,True,0.0428,0.0655,0.5475,0.2155,0.6508,0.7154,False,4.0,19,detectable-candidate-residual-risk,False
2023-02-23,B,1,461,0.917,4b51b08190d2,True,6.2974,10.6314,True,1.825,False,0.137,0.2054,True,0.9076,0.8708,0.7481,0.2934,0.0159,,True,1056.7,19,noise-like,False
2023-02-23,B,2,461,0.917,4b51b08190d2,True,3.0368,1.8276,True,1.825,True,0.2477,0.3161,True,0.5331,0.5139,0.4764,0.5769,0.0159,,False,1056.7,19,high-known-association,False
2023-02-23,B,3,461,0.917,4b51b08190d2,True,2.6472,1.4592,True,1.825,True,0.2742,0.3425,True,0.6669,0.5785,0.469,0.1993,0.0159,,False,1056.7,19,high-known-association,False
2023-02-23,B,4,461,0.917,4b51b08190d2,True,2.0557,1.2464,True,1.825,True,0.3273,0.3956,True,0.3147,0.3931,0.153,0.45,0.1587,,False,1056.7,19,mixed-uncertain,False
2023-02-23,B,5,461,0.917,4b51b08190d2,True,1.6859,1.118,True,1.825,True,0.3723,0.4406,True,0.5231,0.5139,0.4998,0.1251,0.0159,,False,1056.7,19,high-known-association,False
2023-05-24,A,1,465,0.924,505f564243b4,False,5.663,10.1092,True,2.641,False,0.1501,0.2178,True,0.427,0.5405,0.9194,0.185,0.0159,0.8651,True,4.2,19,noise-like,False
2023-05-24,A,2,465,0.924,505f564243b4,False,3.242,1.6773,True,2.641,True,0.2357,0.3035,True,0.1626,0.2974,0.6898,0.1963,0.0476,0.8185,False,4.2,19,mixed-uncertain,False
2023-05-24,A,3,465,0.924,505f564243b4,False,2.6296,1.359,True,2.641,True,0.2755,0.3433,True,0.0813,0.19,0.4568,0.3432,0.2857,0.8282,False,4.2,19,detectable-candidate-residual-risk,False
2023-05-24,A,4,465,0.924,505f564243b4,False,2.371,1.2024,True,2.641,True,0.2966,0.3644,True,0.0752,0.0534,0.2261,0.7017,0.3016,0.9555,False,4.2,19,mixed-uncertain,False
2023-05-24,A,5,465,0.924,505f564243b4,False,2.0233,1.0635,True,2.641,True,0.3308,0.3985,True,0.0724,0.0402,0.2811,0.299,0.3175,0.8717,False,4.2,19,detectable-candidate-residual-risk,False
2023-05-24,B,1,465,0.924,505f564243b4,False,3.2669,10.6314,True,2.685,False,0.2344,0.3021,True,0.5782,0.4668,0.3704,0.1908,0.0159,,True,1148.9,19,noise-like,False
2023-05-24,B,2,465,0.924,505f564243b4,False,3.0633,1.8276,True,2.685,True,0.2461,0.3138,True,0.6029,0.7033,0.5496,0.2734,0.0159,,False,1148.9,19,high-known-association,False
2023-05-24,B,3,465,0.924,505f564243b4,False,2.5821,1.4592,True,2.685,True,0.2792,0.3469,True,0.3255,0.3111,0.1361,0.6255,0.2381,,False,1148.9,19,mixed-uncertain,False
2023-05-24,B,4,465,0.924,505f564243b4,False,2.3682,1.2464,True,2.685,True,0.2969,0.3646,True,0.2773,0.2681,0.2265,0.4306,0.3651,,False,1148.9,19,detectable-candidate-residual-risk,False
2023-05-24,B,5,465,0.924,505f564243b4,False,2.1535,1.118,True,2.685,True,0.3171,0.3849,True,0.2483,0.303,0.1459,0.2051,0.4444,,False,1148.9,19,detectable-candidate-residual-risk,False
2023-08-24,A,1,466,0.926,ef5c290095ed,False,5.9839,10.1092,True,1.71,False,0.1432,0.2108,True,0.5371,0.6099,0.8904,0.1387,0.0159,0.7844,True,4.0,19,noise-like,False
2023-08-24,A,2,466,0.926,ef5c290095ed,False,4.3535,1.6773,True,1.71,True,0.1868,0.2544,True,0.1418,0.0227,0.6772,0.2863,0.0794,0.7802,False,4.0,19,mixed-uncertain,False
2023-08-24,A,3,466,0.926,ef5c290095ed,False,3.8011,1.359,True,1.71,True,0.2083,0.2759,True,0.106,0.0664,0.5427,0.2958,0.0794,0.8762,False,4.0,19,mixed-uncertain,False
2023-08-24,A,4,466,0.926,ef5c290095ed,False,2.5706,1.2024,True,1.71,True,0.2801,0.3477,True,0.0328,0.2076,0.6234,0.2836,0.746,0.7829,False,4.0,19,mixed-uncertain,False
2023-08-24,A,5,466,0.926,ef5c290095ed,False,2.3869,1.0635,True,1.71,True,0.2953,0.3629,True,0.1429,0.0895,0.3649,0.1818,0.0635,0.9323,False,4.0,19,mixed-uncertain,False
2023-08-24,B,1,466,0.926,ef5c290095ed,False,4.5796,10.6314,True,1.889,False,0.1792,0.2468,True,0.448,0.4648,0.2099,0.6233,0.0794,,False,1074.8,19,noise-like,False
2023-08-24,B,2,466,0.926,ef5c290095ed,False,3.2653,1.8276,True,1.889,True,0.2344,0.302,True,0.5072,0.5422,0.3481,0.4162,0.0159,,False,1074.8,19,high-known-association,False
2023-08-24,B,3,466,0.926,ef5c290095ed,False,2.7791,1.4592,True,1.889,True,0.2646,0.3322,True,0.4486,0.4262,0.3889,0.3622,0.0317,,False,1074.8,19,mixed-uncertain,False
2023-08-24,B,4,466,0.926,ef5c290095ed,False,2.4858,1.2464,True,1.889,True,0.2869,0.3545,True,0.5252,0.4273,0.3085,0.2953,0.0159,,False,1074.8,19,high-known-association,False
2023-08-24,B,5,466,0.926,ef5c290095ed,False,2.1839,1.118,True,1.889,True,0.3141,0.3817,True,0.5214,0.5267,0.4688,0.2712,0.0317,,False,1074.8,19,high-known-association,False
2023-11-22,A,1,468,0.93,ee179826d0c0,False,7.1375,10.1092,True,2.064,False,0.1229,0.1902,True,0.559,0.6227,0.9772,0.1327,0.0159,0.8044,True,4.5,19,noise-like,False
2023-11-22,A,2,468,0.93,ee179826d0c0,False,3.4951,1.6773,True,2.064,True,0.2225,0.2898,True,0.3743,0.6747,0.6989,0.6636,0.0159,0.9306,False,4.5,19,high-known-association,False
2023-11-22,A,3,468,0.93,ee179826d0c0,False,2.404,1.359,True,2.064,True,0.2938,0.3611,True,0.295,0.2925,0.4517,0.5507,0.0159,0.9629,False,4.5,19,high-known-association,False
2023-11-22,A,4,468,0.93,ee179826d0c0,False,2.0818,1.2024,True,2.064,True,0.3245,0.3918,True,0.0957,0.0261,0.4107,0.3921,0.2063,0.8938,False,4.5,19,mixed-uncertain,False
2023-11-22,A,5,468,0.93,ee179826d0c0,False,1.9704,1.0635,True,2.064,True,0.3367,0.404,True,0.1213,0.0421,0.1385,0.2139,0.1587,0.972,False,4.5,19,mixed-uncertain,False
2023-11-22,B,1,468,0.93,ee179826d0c0,False,3.5387,10.6314,True,2.354,False,0.2203,0.2876,True,0.7204,0.7787,0.618,0.502,0.0159,,True,1028.5,19,noise-like,False
2023-11-22,B,2,468,0.93,ee179826d0c0,False,2.6994,1.8276,True,2.354,True,0.2703,0.3376,True,0.5756,0.6035,0.4281,0.1386,0.0159,,False,1028.5,19,high-known-association,False
2023-11-22,B,3,468,0.93,ee179826d0c0,False,2.5282,1.4592,True,2.354,True,0.2834,0.3507,True,0.578,0.5317,0.3956,0.3355,0.0159,,False,1028.5,19,high-known-association,False
2023-11-22,B,4,468,0.93,ee179826d0c0,False,2.2963,1.2464,True,2.354,True,0.3034,0.3707,True,0.2479,0.2276,0.1031,0.2242,0.5079,,False,1028.5,19,detectable-candidate-residual-risk,False
2023-11-22,B,5,468,0.93,ee179826d0c0,False,2.101,1.118,True,2.354,True,0.3225,0.3898,True,0.3966,0.413,0.3389,0.4596,0.0952,,False,1028.5,19,mixed-uncertain,False
2024-02-26,A,1,469,0.932,18456368f7e1,False,10.8145,10.1092,True,10.627,True,0.0846,0.1518,True,0.0535,0.1878,0.4174,0.6982,0.5238,0.9962,False,3.5,19,mixed-uncertain,False
2024-02-26,A,2,469,0.932,18456368f7e1,False,3.5927,1.6773,True,10.627,True,0.2177,0.2849,True,0.161,0.2295,0.5249,0.5409,0.0317,0.9342,False,3.5,19,mixed-uncertain,False
2024-02-26,A,3,469,0.932,18456368f7e1,False,2.9042,1.359,True,10.627,True,0.2561,0.3233,True,0.359,0.3419,0.4035,0.2887,0.0159,0.952,False,3.5,19,high-known-association,False
2024-02-26,A,4,469,0.932,18456368f7e1,False,2.192,1.2024,True,10.627,True,0.3133,0.3805,True,0.0629,0.0392,0.1953,0.7578,0.4603,0.9785,False,3.5,19,mixed-uncertain,False
2024-02-26,A,5,469,0.932,18456368f7e1,False,1.9096,1.0635,True,10.627,True,0.3437,0.4109,True,0.1948,0.3101,0.7703,0.1398,0.0317,0.3524,False,3.5,19,mixed-uncertain,False
2024-02-26,B,1,469,0.932,18456368f7e1,False,11.7226,10.6314,True,10.978,True,0.0786,0.1458,True,0.4034,0.4227,0.3584,0.7083,0.1111,,False,893.1,19,mixed-uncertain,False
2024-02-26,B,2,469,0.932,18456368f7e1,False,3.5637,1.8276,True,10.978,True,0.2191,0.2863,True,0.3933,0.4907,0.3881,0.6335,0.0635,,False,893.1,19,mixed-uncertain,False
2024-02-26,B,3,469,0.932,18456368f7e1,False,3.021,1.4592,True,10.978,True,0.2487,0.3159,True,0.5061,0.5102,0.2384,0.2151,0.0159,,False,893.1,19,high-known-association,False
2024-02-26,B,4,469,0.932,18456368f7e1,False,2.4681,1.2464,True,10.978,True,0.2883,0.3555,True,0.2725,0.2164,0.1626,0.6639,0.3492,,False,893.1,19,mixed-uncertain,False
2024-02-26,B,5,469,0.932,18456368f7e1,False,1.7353,1.118,True,10.978,True,0.3656,0.4328,True,0.2903,0.3007,0.2623,0.4634,0.2063,,False,893.1,19,detectable-candidate-residual-risk,False
2024-05-24,A,1,475,0.944,1d76a1d9c6ec,False,7.2818,10.1092,True,1.69,False,0.1207,0.1871,True,0.5691,0.4843,0.7319,0.2372,0.0159,0.9834,True,3.8,19,noise-like,False
2024-05-24,A,2,475,0.944,1d76a1d9c6ec,False,4.7104,1.6773,True,1.69,True,0.1751,0.2414,True,0.1893,0.3528,0.6311,0.3952,0.0317,0.9741,False,3.8,19,mixed-uncertain,False
2024-05-24,A,3,475,0.944,1d76a1d9c6ec,False,3.6945,1.359,True,1.69,True,0.213,0.2793,True,0.2412,0.3035,0.4457,0.375,0.0159,0.9514,False,3.8,19,high-known-association,False
2024-05-24,A,4,475,0.944,1d76a1d9c6ec,False,2.7697,1.2024,True,1.69,True,0.2653,0.3316,True,0.1463,0.0795,0.5552,0.1687,0.0794,0.9147,False,3.8,19,mixed-uncertain,False
2024-05-24,A,5,475,0.944,1d76a1d9c6ec,False,2.1865,1.0635,True,1.69,True,0.3138,0.3801,True,0.0791,0.1157,0.5145,0.2655,0.3175,0.7356,False,3.8,19,detectable-candidate-residual-risk,False
2024-05-24,B,1,475,0.944,1d76a1d9c6ec,False,7.0995,10.6314,True,1.858,False,0.1235,0.1898,True,0.7217,0.6752,0.5702,0.3972,0.0159,,True,792.0,19,noise-like,False
2024-05-24,B,2,475,0.944,1d76a1d9c6ec,False,4.1902,1.8276,True,1.858,True,0.1927,0.259,True,0.6632,0.6922,0.5772,0.3788,0.0159,,False,792.0,19,high-known-association,False
2024-05-24,B,3,475,0.944,1d76a1d9c6ec,False,3.6946,1.4592,True,1.858,True,0.213,0.2793,True,0.3922,0.3841,0.3085,0.5372,0.1429,,False,792.0,19,mixed-uncertain,False
2024-05-24,B,4,475,0.944,1d76a1d9c6ec,False,2.6817,1.2464,True,1.858,True,0.2716,0.3379,True,0.4383,0.4151,0.2989,0.1649,0.0476,,False,792.0,19,mixed-uncertain,False
2024-05-24,B,5,475,0.944,1d76a1d9c6ec,False,2.1069,1.118,True,1.858,True,0.3219,0.3882,True,0.2973,0.3837,0.1502,0.1538,0.254,,False,792.0,19,mixed-uncertain,False
2024-08-26,A,1,477,0.948,acb3eb71c09e,False,8.0337,10.1092,True,1.975,False,0.1107,0.1767,True,0.6445,0.6798,0.9156,0.7588,0.0159,0.9747,True,3.8,19,noise-like,False
2024-08-26,A,2,477,0.948,acb3eb71c09e,False,4.9156,1.6773,True,1.975,True,0.169,0.2351,True,0.1458,0.5176,0.843,0.2432,0.0794,0.9452,False,3.8,19,mixed-uncertain,False
2024-08-26,A,3,477,0.948,acb3eb71c09e,False,4.5083,1.359,True,1.975,True,0.1815,0.2476,True,0.0974,0.1646,0.6162,0.8077,0.2063,0.927,False,3.8,19,mixed-uncertain,False
2024-08-26,A,4,477,0.948,acb3eb71c09e,False,2.4556,1.2024,True,1.975,True,0.2894,0.3554,True,0.0566,0.0363,0.5327,0.5677,0.4603,0.9229,False,3.8,19,mixed-uncertain,False
2024-08-26,A,5,477,0.948,acb3eb71c09e,False,2.2556,1.0635,True,1.975,True,0.3072,0.3732,True,0.0185,0.1304,0.5662,0.1925,0.9048,0.6857,False,3.8,19,detectable-candidate-residual-risk,False
2024-08-26,B,1,477,0.948,acb3eb71c09e,False,7.0297,10.6314,True,2.211,False,0.1245,0.1906,True,0.8688,0.875,0.85,0.8219,0.0159,,True,784.3,19,noise-like,False
2024-08-26,B,2,477,0.948,acb3eb71c09e,False,4.5113,1.8276,True,2.211,True,0.1814,0.2475,True,0.4672,0.4939,0.4382,0.92,0.0476,,False,784.3,19,mixed-uncertain,False
2024-08-26,B,3,477,0.948,acb3eb71c09e,False,3.5047,1.4592,True,2.211,True,0.222,0.288,True,0.7935,0.7823,0.6839,0.2777,0.0159,,False,784.3,19,high-known-association,False
2024-08-26,B,4,477,0.948,acb3eb71c09e,False,2.5203,1.2464,True,2.211,True,0.2841,0.3501,True,0.396,0.4235,0.311,0.6777,0.0794,,False,784.3,19,mixed-uncertain,False
2024-08-26,B,5,477,0.948,acb3eb71c09e,False,2.2535,1.118,True,2.211,True,0.3074,0.3734,True,0.3764,0.3652,0.3117,0.3284,0.1111,,False,784.3,19,mixed-uncertain,False
2024-11-22,A,1,480,0.954,27c2a762e621,False,6.029,10.1092,True,2.073,False,0.1423,0.2079,True,0.3059,0.6307,0.7903,0.3481,0.0159,0.9413,True,3.8,19,noise-like,False
2024-11-22,A,2,480,0.954,27c2a762e621,False,4.9881,1.6773,True,2.073,True,0.167,0.2326,True,0.5209,0.4328,0.7696,0.1789,0.0159,0.9197,False,3.8,19,high-known-association,False
2024-11-22,A,3,480,0.954,27c2a762e621,False,3.3395,1.359,True,2.073,True,0.2304,0.2961,True,0.0538,0.0149,0.8114,0.2848,0.5397,0.7192,False,3.8,19,detectable-candidate-residual-risk,False
2024-11-22,A,4,480,0.954,27c2a762e621,False,2.502,1.2024,True,2.073,True,0.2856,0.3512,True,0.1005,0.1189,0.4573,0.1388,0.254,0.9433,False,3.8,19,mixed-uncertain,False
2024-11-22,A,5,480,0.954,27c2a762e621,False,2.2448,1.0635,True,2.073,True,0.3082,0.3738,True,0.0634,0.0548,0.4289,0.3213,0.4444,0.8447,False,3.8,19,detectable-candidate-residual-risk,False
2024-11-22,B,1,480,0.954,27c2a762e621,False,4.7137,10.6314,True,2.084,False,0.175,0.2406,True,0.7361,0.8239,0.699,0.5342,0.0159,,True,665.0,19,noise-like,False
2024-11-22,B,2,480,0.954,27c2a762e621,False,3.6215,1.8276,True,2.084,True,0.2164,0.282,True,0.7259,0.6988,0.4311,0.1239,0.0159,,False,665.0,19,high-known-association,False
2024-11-22,B,3,480,0.954,27c2a762e621,False,2.6591,1.4592,True,2.084,True,0.2733,0.3389,True,0.392,0.3714,0.3457,0.5286,0.1111,,False,665.0,19,mixed-uncertain,False
2024-11-22,B,4,480,0.954,27c2a762e621,False,2.3267,1.2464,True,2.084,True,0.3006,0.3662,True,0.4578,0.5339,0.4113,0.1829,0.0317,,False,665.0,19,mixed-uncertain,False
2024-11-22,B,5,480,0.954,27c2a762e621,False,2.101,1.118,True,2.084,True,0.3225,0.3881,True,0.4768,0.4796,0.3528,0.2173,0.0159,,False,665.0,19,high-known-association,False
2025-02-27,A,1,483,0.96,069b77258f2c,False,14.502,10.1092,True,1.64,True,0.0645,0.1297,True,0.634,0.7906,0.8922,0.3395,0.0159,0.9789,False,3.9,20,high-known-association,False
2025-02-27,A,2,483,0.96,069b77258f2c,False,7.2366,1.6773,True,1.64,True,0.1214,0.1866,True,0.6799,0.8761,0.9059,0.4793,0.0159,0.9031,False,3.9,20,high-known-association,False
2025-02-27,A,3,483,0.96,069b77258f2c,False,4.0938,1.359,True,1.64,True,0.1963,0.2615,True,0.5435,0.7176,0.8458,0.1977,0.0159,0.9619,False,3.9,20,high-known-association,False
2025-02-27,A,4,483,0.96,069b77258f2c,False,3.3419,1.2024,True,1.64,True,0.2303,0.2955,True,0.0305,0.0328,0.8153,0.1146,0.8095,0.7772,False,3.9,20,detectable-candidate-residual-risk,False
2025-02-27,A,5,483,0.96,069b77258f2c,False,2.777,1.0635,True,1.64,True,0.2648,0.33,True,0.0879,0.0414,0.8707,0.159,0.2063,0.7038,False,3.9,20,detectable-candidate-residual-risk,False
2025-02-27,B,1,483,0.96,069b77258f2c,False,13.7748,10.6314,True,1.865,True,0.0677,0.1329,True,0.9124,0.9349,0.8612,0.3453,0.0159,,False,669.5,20,high-known-association,False
2025-02-27,B,2,483,0.96,069b77258f2c,False,4.7407,1.8276,True,1.865,True,0.1742,0.2394,True,0.8228,0.8822,0.728,0.3127,0.0159,,False,669.5,20,high-known-association,False
2025-02-27,B,3,483,0.96,069b77258f2c,False,3.9272,1.4592,True,1.865,True,0.203,0.2682,True,0.8631,0.8375,0.8136,0.151,0.0159,,False,669.5,20,high-known-association,False
2025-02-27,B,4,483,0.96,069b77258f2c,False,2.4835,1.2464,True,1.865,True,0.2871,0.3523,True,0.5337,0.5091,0.4502,0.2636,0.0159,,False,669.5,20,high-known-association,False
2025-02-27,B,5,483,0.96,069b77258f2c,False,2.3292,1.118,True,1.865,True,0.3004,0.3656,True,0.3467,0.2036,0.1385,0.308,0.1746,,False,669.5,20,mixed-uncertain,False
2025-05-29,A,1,488,0.97,9d596a5235cf,False,5.2982,10.1092,True,2.33,False,0.1588,0.2233,True,0.0411,0.5381,0.8768,0.0911,0.6508,0.8071,False,3.5,21,noise-like,False
2025-05-29,A,2,488,0.97,9d596a5235cf,False,4.5048,1.6773,True,2.33,True,0.1817,0.2462,True,0.2314,0.1636,0.6949,0.7527,0.0159,0.9523,False,3.5,21,high-known-association,False
2025-05-29,A,3,488,0.97,9d596a5235cf,False,3.7215,1.359,True,2.33,True,0.2118,0.2763,True,0.1183,0.0552,0.3284,0.3525,0.0952,0.9778,False,3.5,21,mixed-uncertain,False
2025-05-29,A,4,488,0.97,9d596a5235cf,False,3.3376,1.2024,True,2.33,True,0.2305,0.2951,True,0.184,0.3,0.6333,0.5013,0.0159,0.8929,False,3.5,21,mixed-uncertain,False
2025-05-29,A,5,488,0.97,9d596a5235cf,False,2.6151,1.0635,True,2.33,True,0.2766,0.3412,True,0.2572,0.2962,0.4099,0.2897,0.0159,0.8043,False,3.5,21,high-known-association,False
2025-05-29,B,1,488,0.97,9d596a5235cf,False,4.1661,10.6314,True,3.117,False,0.1936,0.2581,True,0.68,0.6626,0.597,0.8053,0.0159,,True,666.5,21,noise-like,False
2025-05-29,B,2,488,0.97,9d596a5235cf,False,4.0381,1.8276,True,3.117,True,0.1985,0.263,True,0.2991,0.4989,0.2733,0.3865,0.2381,,False,666.5,21,mixed-uncertain,False
2025-05-29,B,3,488,0.97,9d596a5235cf,False,3.8671,1.4592,True,3.117,True,0.2055,0.27,True,0.5947,0.5714,0.4349,0.5705,0.0159,,False,666.5,21,high-known-association,False
2025-05-29,B,4,488,0.97,9d596a5235cf,False,3.1469,1.2464,True,3.117,True,0.2411,0.3057,True,0.567,0.5894,0.4158,0.249,0.0159,,False,666.5,21,high-known-association,False
2025-05-29,B,5,488,0.97,9d596a5235cf,False,2.4657,1.118,True,3.117,True,0.2885,0.3531,True,0.3707,0.5535,0.309,0.1786,0.0794,,False,666.5,21,mixed-uncertain,False
2025-08-28,A,1,493,0.98,42d147adc468,False,6.6652,10.1092,True,2.214,False,0.1305,0.1944,True,0.3398,0.5272,0.8039,0.3388,0.0159,0.9602,True,3.3,21,noise-like,False
2025-08-28,A,2,493,0.98,42d147adc468,False,3.5151,1.6773,True,2.214,True,0.2215,0.2854,True,0.0442,0.0419,0.3823,0.8093,0.5714,0.989,False,3.3,21,mixed-uncertain,False
2025-08-28,A,3,493,0.98,42d147adc468,False,2.4663,1.359,True,2.214,True,0.2885,0.3524,True,0.2887,0.2051,0.8265,0.1491,0.0159,0.5453,False,3.3,21,high-known-association,False
2025-08-28,A,4,493,0.98,42d147adc468,False,2.1484,1.2024,True,2.214,True,0.3176,0.3815,True,0.1462,0.1312,0.6646,0.2084,0.0317,0.8349,False,3.3,21,mixed-uncertain,False
2025-08-28,A,5,493,0.98,42d147adc468,False,1.9584,1.0635,True,2.214,True,0.338,0.4019,True,0.0918,0.1,0.5836,0.2054,0.3175,0.8322,False,3.3,21,mixed-uncertain,False
2025-08-28,B,1,493,0.98,42d147adc468,False,5.7143,10.6314,True,1.84,False,0.1489,0.2128,True,0.7439,0.7587,0.6595,0.3567,0.0159,,True,636.8,21,noise-like,False
2025-08-28,B,2,493,0.98,42d147adc468,False,3.8656,1.8276,True,1.84,True,0.2055,0.2694,True,0.4432,0.3894,0.2979,0.8375,0.0317,,False,636.8,21,mixed-uncertain,False
2025-08-28,B,3,493,0.98,42d147adc468,False,2.1778,1.4592,True,1.84,True,0.3147,0.3786,True,0.4791,0.4569,0.3551,0.2787,0.0159,,False,636.8,21,high-known-association,False
2025-08-28,B,4,493,0.98,42d147adc468,False,1.9934,1.2464,True,1.84,True,0.3341,0.398,True,0.4393,0.3516,0.3265,0.6233,0.0317,,False,636.8,21,mixed-uncertain,False
2025-08-28,B,5,493,0.98,42d147adc468,False,1.8332,1.118,True,1.84,True,0.353,0.4169,True,0.4121,0.5071,0.3652,0.3966,0.0159,,False,636.8,21,mixed-uncertain,False
2025-11-26,A,1,491,0.976,ab9e7d8c9521,False,10.0396,10.1092,True,1.358,False,0.0906,0.1547,True,0.4762,0.155,0.8052,0.3687,0.0159,0.962,True,3.6,21,noise-like,False
2025-11-26,A,2,491,0.976,ab9e7d8c9521,False,4.2247,1.6773,True,1.358,True,0.1914,0.2556,True,0.2415,0.2159,0.5417,0.1864,0.0159,0.7913,False,3.6,21,high-known-association,False
2025-11-26,A,3,491,0.976,ab9e7d8c9521,False,3.4454,1.359,True,1.358,True,0.225,0.2891,True,0.2628,0.2585,0.5309,0.203,0.0159,0.909,False,3.6,21,high-known-association,False
2025-11-26,A,4,491,0.976,ab9e7d8c9521,False,2.8685,1.2024,True,1.358,True,0.2585,0.3227,True,0.1992,0.2468,0.4726,0.3104,0.0476,0.9111,False,3.6,21,high-known-association,False
2025-11-26,A,5,491,0.976,ab9e7d8c9521,False,2.7183,1.0635,True,1.358,True,0.2689,0.3331,True,0.2633,0.2428,0.7036,0.2422,0.0159,0.8215,False,3.6,21,high-known-association,False
2025-11-26,B,1,491,0.976,ab9e7d8c9521,False,8.8714,10.6314,True,1.452,False,0.1013,0.1655,True,0.842,0.8051,0.6637,0.4025,0.0159,,True,691.6,21,noise-like,False
2025-11-26,B,2,491,0.976,ab9e7d8c9521,False,4.0417,1.8276,True,1.452,True,0.1983,0.2625,True,0.5659,0.5542,0.3062,0.4801,0.0159,,False,691.6,21,high-known-association,False
2025-11-26,B,3,491,0.976,ab9e7d8c9521,False,3.3587,1.4592,True,1.452,True,0.2294,0.2936,True,0.442,0.5817,0.3048,0.2058,0.0952,,False,691.6,21,mixed-uncertain,False
2025-11-26,B,4,491,0.976,ab9e7d8c9521,False,2.47,1.2464,True,1.452,True,0.2882,0.3523,True,0.5204,0.6083,0.495,0.4054,0.0159,,False,691.6,21,high-known-association,False
2025-11-26,B,5,491,0.976,ab9e7d8c9521,False,2.3705,1.118,True,1.452,True,0.2967,0.3608,True,0.5452,0.5835,0.5163,0.1426,0.0159,,False,691.6,21,high-known-association,False
2026-03-02,A,1,496,0.986,ef69a5e1ba2a,False,11.9477,10.1092,True,1.353,True,0.0772,0.1407,True,0.6137,0.7468,0.8585,0.1248,0.0159,0.9626,False,3.4,21,high-known-association,False
2026-03-02,A,2,496,0.986,ef69a5e1ba2a,False,6.2799,1.6773,True,1.353,True,0.1374,0.2009,True,0.7106,0.5369,0.7877,0.0959,0.0159,0.9497,False,3.4,21,high-known-association,False
2026-03-02,A,3,496,0.986,ef69a5e1ba2a,False,3.8168,1.359,True,1.353,True,0.2076,0.2711,True,0.1998,0.435,0.7301,0.2402,0.0159,0.8236,False,3.4,21,mixed-uncertain,False
2026-03-02,A,4,496,0.986,ef69a5e1ba2a,False,2.5811,1.2024,True,1.353,True,0.2792,0.3428,True,0.0844,0.0693,0.7143,0.149,0.2698,0.6084,False,3.4,21,detectable-candidate-residual-risk,False
2026-03-02,A,5,496,0.986,ef69a5e1ba2a,False,2.3933,1.0635,True,1.353,True,0.2947,0.3582,True,0.0918,0.2421,0.5979,0.1619,0.2381,0.6337,False,3.4,21,mixed-uncertain,False
2026-03-02,B,1,496,0.986,ef69a5e1ba2a,False,9.3815,10.6314,True,1.529,False,0.0963,0.1598,True,0.8944,0.9116,0.7097,0.1624,0.0159,,True,609.8,21,noise-like,False
2026-03-02,B,2,496,0.986,ef69a5e1ba2a,False,4.984,1.8276,True,1.529,True,0.1671,0.2306,True,0.7634,0.7287,0.6396,0.1121,0.0159,,False,609.8,21,high-known-association,False
2026-03-02,B,3,496,0.986,ef69a5e1ba2a,False,3.394,1.4592,True,1.529,True,0.2276,0.2911,True,0.6816,0.592,0.5706,0.265,0.0159,,False,609.8,21,high-known-association,False
2026-03-02,B,4,496,0.986,ef69a5e1ba2a,False,2.588,1.2464,True,1.529,True,0.2787,0.3422,True,0.3607,0.3694,0.2897,0.3139,0.1111,,False,609.8,21,mixed-uncertain,False
2026-03-02,B,5,496,0.986,ef69a5e1ba2a,False,2.1114,1.118,True,1.529,True,0.3214,0.3849,True,0.329,0.303,0.2688,0.2809,0.0952,,False,609.8,21,mixed-uncertain,False
