uni,n,k,date,p,rot_spread,V_full,V_lw,V_pf0.5,V_pf1.0,V_pf2.0,V_uni
large,63,5,2018-05-01,475,0.5864756627668448,0.06491317421209497,0.07453456044250066,0.07571772416389413,0.08270000195961329,0.08780307906588503,0.0975387613163114
large,63,5,2018-06-01,475,0.6746300467941543,0.06357371870712779,0.04588632389882347,0.046312575978777255,0.0509517845970967,0.05469727499043232,0.07465850609283539
large,63,5,2018-07-02,475,0.6704295746663005,0.08431622656394032,0.06964112638235788,0.06713151202148193,0.07092098107728606,0.07339657459944952,0.08642479993973909
large,63,5,2018-08-01,475,0.637014557606891,0.05606309050821751,0.055785347462399035,0.060895141843682415,0.06391188576982984,0.06668624752809375,0.07199096892030966
large,63,5,2018-09-04,475,0.5696884460183318,0.06098041517232658,0.052592229299819125,0.054586513128271376,0.05581589232618594,0.05657438577747812,0.05422590040396401
large,63,5,2018-10-01,475,0.3828563218872696,0.154442189011203,0.15338845371069826,0.1865183781331043,0.19755846379700878,0.2064917591730719,0.2113803643455482
large,63,5,2018-11-01,476,0.6474581793248396,0.09141505041586616,0.11346394031002671,0.12074496076378788,0.12577090485938555,0.12932212524412443,0.16250505958118777
large,63,5,2018-12-03,476,0.6447351005176502,0.19261545863063323,0.17884284545219606,0.21675419001146734,0.22587129249619017,0.23187225995475144,0.26912358762985256
large,63,5,2019-01-02,476,0.6804655687516001,0.10971221381483053,0.10725691567111913,0.09910386092547101,0.10747090376027844,0.11352300200431353,0.16534315758062132
large,63,5,2019-02-01,476,0.39790265667192104,0.08360809542737178,0.07345085350087095,0.05727832468748908,0.05633920708589691,0.057099317617904995,0.06298220912636503
large,63,5,2019-03-01,476,0.34436579483675694,0.08673164389794634,0.06565799397875509,0.06559927105294308,0.06958065406256375,0.07768873628431869,0.10034238490899301
large,63,5,2019-04-01,477,0.40127459580792596,0.07181520821559931,0.07708659131127686,0.07309490548160251,0.07435683636548297,0.07556307222380196,0.07427968292189097
large,63,5,2019-05-01,477,0.5892086455962985,0.09236900909092184,0.08520001817484976,0.10446996549364858,0.11369503406796343,0.12150628255248404,0.13694816739451307
large,63,5,2019-06-03,477,0.5268568990191176,0.11415741265298579,0.09883872230843374,0.09347278185257561,0.0905761209608004,0.09045733357668864,0.10033779136793658
large,63,5,2019-07-01,480,0.5214343250456509,0.07988519491086735,0.07351184525986791,0.0680449780198187,0.0698656332163737,0.0730483369186765,0.08105378296682922
large,63,5,2019-08-01,480,0.4673738150912944,0.14947847692210633,0.16864850661279515,0.17299164839464679,0.179158654870604,0.18698505563467732,0.2069501819109591
large,63,5,2019-09-03,482,0.6451973356929256,0.10528341033679411,0.07048882382584579,0.05845188241385888,0.06372566210359414,0.06889943828297641,0.09533819087256225
large,63,5,2019-10-01,483,0.6081283481423964,0.10006845822665737,0.0922630370811795,0.0901865192376875,0.09191606938348015,0.09728308620761959,0.11682173543234746
large,63,5,2019-11-01,483,0.3460381554463058,0.09597545751484551,0.07182682759464001,0.05872704896090481,0.05712012273444584,0.058482677101446535,0.057554355242715266
large,63,5,2019-12-02,483,0.35882383158870923,0.06778670284708334,0.06347801201469407,0.05040266756732017,0.05133771179114139,0.05342339680438002,0.059455154545917634
large,63,5,2020-01-02,484,0.3057548721551753,0.06611091328435337,0.0754309611491227,0.09350585812602825,0.10174702025664378,0.10901284606640683,0.10868873918588778
large,63,5,2020-02-03,484,0.512984701630827,0.28473152395877116,0.27001971205068204,0.27117301091013496,0.2732033209371622,0.2757518742146435,0.2802839859316535
large,63,5,2020-03-02,484,0.49106148264014426,0.5633057206908062,0.6360375696424347,0.8129914757169269,0.8662003648639011,0.9105469041412456,0.9553041025210853
large,63,5,2020-04-01,484,0.6201060099670691,0.2868947527718065,0.22031420145253383,0.2609073727789703,0.29245959606422534,0.33085161226792353,0.44503908302346373
large,63,5,2020-05-01,484,0.6248916868526104,0.162650915349083,0.19995818127101644,0.1603960578636714,0.16037198811033965,0.16813654020361093,0.26873926972263695
large,63,5,2020-06-01,484,0.4437430185509462,0.1536623282235203,0.1423380574223192,0.16049655768764198,0.1732469854258877,0.1940382719010259,0.28472288232061704
large,63,5,2020-07-01,486,0.46448749728262545,0.10018145623257775,0.12494975641654305,0.09356649214980498,0.09648678417972195,0.10156469763673476,0.1274436503109885
large,63,5,2020-08-03,486,0.6020021454803741,0.086549242844387,0.08118114402546776,0.07404526668725173,0.07207171279961146,0.06895253278667485,0.0702515369738412
large,63,5,2020-09-01,486,0.4973633084278424,0.14918300133022852,0.16231503749998447,0.18221840903846845,0.192842145027397,0.20202365719436355,0.2168057665554639
large,63,5,2020-10-01,486,0.35158661263357993,0.11917907676438762,0.12795650295594327,0.1519617676004933,0.16596513897505402,0.17984498560735374,0.18620129326953067
large,63,5,2020-11-02,486,0.4613575130091911,0.20540618539305422,0.1086208774884184,0.12195259736850932,0.12613185249522857,0.1434719616469909,0.1691460600795182
large,63,5,2020-12-01,486,0.4350225255548738,0.08977748706079533,0.09749841406637344,0.09617416132291393,0.09750710698617927,0.09935208319979925,0.10328498094811742
large,63,5,2021-01-04,487,0.574507136771409,0.11598062539785142,0.09458975473219336,0.13093363162236632,0.14173080770617197,0.15033034197639403,0.16323359034108212
large,63,5,2021-02-01,487,0.5765483848249688,0.11459200665740218,0.11291664947707691,0.11967414188085237,0.1264588706048653,0.13320124713005854,0.14559414337886972
large,63,5,2021-03-01,487,0.39654811292727815,0.12937335158162971,0.12111983733126878,0.12175813291217111,0.1259914143187,0.1309281112401711,0.1410202699283806
large,63,5,2021-04-01,489,0.28809333914512714,0.06110800100824274,0.06339986358002463,0.06856521099621281,0.073744529421493,0.07857175674907282,0.07949106170064939
large,63,5,2021-05-03,489,0.2609174938537419,0.09163252199414659,0.09646977831511942,0.11206446044278545,0.12002373371036534,0.1282591006732979,0.12818788010394655
large,63,5,2021-06-01,490,0.21490264298539785,0.10216113894698792,0.0899755029817315,0.10076387401821263,0.10236742923126359,0.10481864779488778,0.10405683557033926
large,63,5,2021-07-01,490,0.32234820909796147,0.08012836888319205,0.09450407530827055,0.09734555511183327,0.10713738201992935,0.11801925605956443,0.12184140264822566
large,63,5,2021-08-02,492,0.27520965921714646,0.08915117266345766,0.0801035683682196,0.06529583401898462,0.06437160427758518,0.06515301398921136,0.07306562767282024
large,63,5,2021-09-01,492,0.4842480014852555,0.0921203208140645,0.10692045575563736,0.10887515305297535,0.11208199974698485,0.11510246240680982,0.12747107305554692
large,63,5,2021-10-01,492,0.29376050018903266,0.0683677902192061,0.07094055089145605,0.08688902542907717,0.09456581380581333,0.10086164637046807,0.09845586921330608
large,63,5,2021-11-01,493,0.3471088816705616,0.12240194046660686,0.1146611575217916,0.12082774442006076,0.12426888461396891,0.12798312608432313,0.13519260464216792
large,63,5,2021-12-01,493,0.5087426910957147,0.06551494142505578,0.0770321394392093,0.10885409848733263,0.11937428608974293,0.12731553161465525,0.1444781935806878
large,63,5,2022-01-03,493,0.44307901618303425,0.13432719352949432,0.11985179909314723,0.13053454093926303,0.13615133021502696,0.14323887282315434,0.16359066065017014
large,63,5,2022-02-01,493,0.546451319726254,0.14496685693502226,0.14911211721496473,0.157451862286109,0.1675722246574395,0.17739721864243063,0.20195976776441685
large,63,5,2022-03-01,493,0.392619343965907,0.14301789621968308,0.14311338304868515,0.13115763267450484,0.1376039044382522,0.14743707104125903,0.17934331797239098
large,63,5,2022-04-01,493,0.44798845799744147,0.1537957094338647,0.15080975312980774,0.17138273742015378,0.17744712922501898,0.18221547192667187,0.19485529660540254
large,63,5,2022-05-02,494,0.3484790554784749,0.15269863971992023,0.1349953797381249,0.20521565684401505,0.2178251474078447,0.2275054908886286,0.265481091727654
large,63,5,2022-06-01,494,0.40818667131387487,0.23264928659436773,0.18563758293841698,0.2054872463601999,0.21124104974443803,0.22068463118327977,0.25717870848984714
large,63,5,2022-07-01,494,0.3649271374752891,0.1098196682763639,0.11172945291357397,0.14242231095800204,0.14384327505237385,0.143643115766574,0.1526787872585895
large,63,5,2022-08-01,494,0.33927504775472395,0.11372645305752098,0.1254764306373388,0.12585727663667948,0.13123073915654243,0.13669370494484812,0.15678197952523193
large,63,5,2022-09-01,494,0.4022921555554298,0.15356929426737706,0.15915053235432006,0.1948522081509364,0.20634486928544887,0.217614289139373,0.24522573063639486
large,63,5,2022-10-03,494,0.4858016971659602,0.13146037344649525,0.1353527040232108,0.2034089677372637,0.21684779770530577,0.2271051160914274,0.25812205114556785
large,63,5,2022-11-01,494,0.5342422339194219,0.17568324637667307,0.14448997001804834,0.14958713194432152,0.16373186755640973,0.17902073089093026,0.25820954019182996
large,63,5,2022-12-01,494,0.4434574302496138,0.1113230065572903,0.09519691328497963,0.11016982550337669,0.116770939623105,0.12466193234457792,0.15636134903615445
large,63,5,2023-01-03,494,0.41893356018115446,0.1376441539582511,0.1288480561017963,0.12187135510722122,0.1272211474432962,0.13384858196786503,0.15090935416251502
large,63,5,2023-02-01,494,0.4707033961346256,0.10928959305356416,0.10523201707054435,0.09817002824881073,0.09719673242352087,0.09612402163083701,0.10579432983391371
large,63,5,2023-03-01,494,0.42892349202173735,0.13269204561560852,0.13966829980560078,0.17205024085956416,0.18007403404045103,0.18695319018461745,0.19549400029218142
large,63,5,2023-04-03,495,0.45028246630611374,0.08398530608811168,0.08805222872066192,0.08370508262184244,0.0900279401215482,0.09631097672852018,0.11107652410332862
large,63,5,2023-05-01,495,0.4339429360752081,0.08903858001351406,0.09110801622277781,0.07520126584829995,0.08356388651593494,0.09454136211999639,0.1152266394815403
large,63,5,2023-06-01,495,0.5764812529703506,0.11877073002953238,0.09326699487481067,0.08812390750175352,0.0924665472318117,0.09735717426757722,0.1116789988057796
large,63,5,2023-07-03,495,0.35198908288240127,0.07431234520824857,0.07226179656496766,0.06792906550695423,0.06874357574469099,0.07084573592794334,0.07685738073749453
large,63,5,2023-08-01,495,0.359222304366171,0.08098490930528562,0.08565474717350807,0.08869472390160468,0.09214714312031737,0.09496878754776986,0.10036259972167767
large,63,5,2023-09-01,496,0.4924653944076114,0.08447846469944682,0.08387296234682755,0.09612309446978902,0.100642578047561,0.10449455238744382,0.10735724388618365
large,63,5,2023-10-02,496,0.5945991884769191,0.11571395063690783,0.10858541395307142,0.12267088911405667,0.1289084304920088,0.1341642230668921,0.14518507229939404
large,63,5,2023-11-01,496,0.6602974112103254,0.09844579002214221,0.07905773798907319,0.0891503725311916,0.1073674547973839,0.1198787349692979,0.144286157053967
large,63,5,2023-12-01,496,0.5877006944083191,0.1193769351052048,0.09966106673573256,0.09750660700421376,0.09664773606775952,0.09849392901742123,0.12062582560555417
large,63,5,2024-01-02,496,0.5396026776233923,0.09558520599610948,0.08627431932485312,0.07840863969993958,0.08109346523702213,0.08508413792285248,0.10788371566139897
large,63,5,2024-02-01,497,0.6087850068815668,0.06578197201784064,0.08182429792548578,0.06967651612674464,0.07517835037232895,0.08170010736914173,0.10657312122134072
large,63,5,2024-03-01,497,0.6036301850766024,0.059496005546139305,0.07001387726222905,0.06958701257862322,0.07324331373726213,0.07697877324421791,0.09020586240691326
large,63,5,2024-04-01,497,0.4552208258916214,0.09337596105304607,0.08134703036448658,0.08995214787487613,0.0979657561442265,0.10667891921935843,0.11172296632561755
large,63,5,2024-05-01,497,0.5718119538272383,0.09442355271090291,0.08867457421565024,0.09738710063014981,0.09948519464843342,0.10176486206350664,0.10464574546056082
large,63,5,2024-06-03,497,0.545606741508871,0.08207919423277509,0.06308755465464486,0.05736994852318449,0.06274570058961856,0.06743057652186962,0.07025081293745532
large,63,5,2024-07-01,499,0.4976654739743885,0.07893939102231207,0.06321805839741404,0.09061788223436532,0.10362286866382951,0.11383948640852566,0.11843276110414913
large,63,5,2024-08-01,499,0.541197987928682,0.11463253275946436,0.13064323963005786,0.1448104112110122,0.15512460693770105,0.1648951659041508,0.1734813506971682
large,63,5,2024-09-03,499,0.6007818117582193,0.09093632125712565,0.08510372399155737,0.07582081007588995,0.07780735627610166,0.08149942676921694,0.09354461513776417
large,63,5,2024-10-01,499,0.6052274323501593,0.07104807564106819,0.06804097026950373,0.07654099847601721,0.08039523117304447,0.08345204844802696,0.08744148971033737
large,63,5,2024-11-01,499,0.6881594196168129,0.09049254292769118,0.10810309718046225,0.09430345164557216,0.10143995378798668,0.10748979605527574,0.12118597795064168
large,63,5,2024-12-02,499,0.5427274835452935,0.08234305123775608,0.0904094920461742,0.11099172723861374,0.11616817002505679,0.12093723102940039,0.12665355702677394
large,63,5,2025-01-02,499,0.5213368422724008,0.10528474606227865,0.08174327163856421,0.11202261090601041,0.11623436311502523,0.1177303477064288,0.11557752756563469
large,63,5,2025-02-03,499,0.27737052367574916,0.09780545021636679,0.10099818855154138,0.0873753184460324,0.08960568290554143,0.09229756707158872,0.09883317579238067
large,63,5,2025-03-03,499,0.5299757489052552,0.1137842128337174,0.11375082159768023,0.14664502193753937,0.15555564350297627,0.1636418675894483,0.17244946393646216
large,63,5,2025-04-01,499,0.551188320162157,0.27370827824082233,0.2694889908285877,0.3583991803002922,0.38398148542352356,0.4070495030740202,0.440983884382179
large,63,5,2025-05-01,499,0.5431895906122423,0.15325013722790484,0.13823781630828338,0.13718574920659796,0.13443960531012034,0.13339869203213417,0.15012334226854207
large,63,5,2025-06-02,500,0.4693875682330196,0.0847959691876231,0.08700175900040558,0.09676791262119756,0.09780938425933887,0.09813417627952024,0.0979706036852946
large,63,5,2025-07-01,500,0.36194826035993305,0.07272685514457879,0.1088013874157429,0.10067871201038171,0.10530431049348521,0.10764030797345692,0.09985090150252679
large,63,5,2025-08-01,500,0.5724924860252559,0.07228767916961805,0.08734221529893621,0.07728250201423165,0.0850371851538316,0.09184301716628307,0.10823087548510889
large,63,5,2025-09-02,500,0.5446606290062278,0.06987838870509294,0.06325673532556758,0.07215995522760865,0.07679053353280546,0.08086438291179322,0.08441036821576367
large,63,5,2025-10-01,500,0.586838794762141,0.07692507959694363,0.0935719951372419,0.10210046618545006,0.11179836064144487,0.11881129965582145,0.12350982748470637
large,63,5,2025-11-03,500,0.4712121954500186,0.1008051434765824,0.10051794478270451,0.11110616332155247,0.12345242677201632,0.13446861451748185,0.13768649083996296
large,63,5,2025-12-01,500,0.5372534813983401,0.0671575359222643,0.057492261896425804,0.07102787607902342,0.07781650198447147,0.0838373108778164,0.08756814380090001
large,63,5,2026-01-02,500,0.4836299769941175,0.07074767222284796,0.08542251087335402,0.08022651908683551,0.09090999991567364,0.10146575689294425,0.10690890705050099
large,63,5,2026-02-02,501,0.5646127409697416,0.07745542849440033,0.06828574955389227,0.0950542570912357,0.1067450804010418,0.11695387449368673,0.12802749744665834
large,63,5,2026-03-02,501,0.3119801197086177,0.09885315560165461,0.09765726309490891,0.12280924284945813,0.13451495733095342,0.14473246954471486,0.14869482003340523
large,63,5,2026-04-01,501,0.3204783930821653,0.09004799006108576,0.08388108873596674,0.08981891411254612,0.09714080296453106,0.10686539699680965,0.10735156676820025
large,63,5,2026-05-01,501,0.2206823260941344,0.09557095788509169,0.1009197235485708,0.06992929197334605,0.07021958901651734,0.07797235104872659,0.07290586862966077
large,63,5,2026-06-01,501,0.326109873069731,0.10519791157458414,0.08545213592470792,0.10239071427742356,0.10339261662624678,0.10637040513302873,0.10422708278039147
large,63,5,2026-07-01,501,0.2575665522967683,0.07175711463710419,0.06417709814924144,0.06464897501224533,0.06532422960263834,0.06695468724718061,0.054726394898211704
large,252,5,2019-02-01,475,0.421042216349226,0.07347502670549444,0.08692961588792202,0.04842209824941799,0.050481780180885685,0.05266688747055244,0.061299802605977026
large,252,5,2019-03-01,475,0.49143161788588063,0.0796137182770722,0.06350918332164308,0.06999960192066729,0.07482931336411563,0.08022650998620605,0.10797193982058748
large,252,5,2019-04-01,475,0.5380429153186725,0.09100193380231734,0.0874418696076505,0.07360864310032054,0.07581552099090398,0.07715460666687947,0.07497045594362757
large,252,5,2019-05-01,475,0.5332828806517423,0.08335171663012719,0.07193134638826827,0.09155740323712828,0.09753006963093379,0.10219899303763826,0.12632819906743725
large,252,5,2019-06-03,475,0.596089492328998,0.10745150106559372,0.08112793791957215,0.08919559500036008,0.08759797905209155,0.08782686821473987,0.09834229774323149
large,252,5,2019-07-01,475,0.5719505090341951,0.1110653564047632,0.09187335877758139,0.07159424461375576,0.07229242754723572,0.07212873480208123,0.08122168401582382
large,252,5,2019-08-01,475,0.5659520475427599,0.13618621594627758,0.1402555009814841,0.15951960957269598,0.16325673767018745,0.16876994989621552,0.2087291266751952
large,252,5,2019-09-03,476,0.5162275126907236,0.07589310249951679,0.092272589349676,0.05908947167382357,0.06031740502983166,0.062040237970924825,0.08294920464203102
large,252,5,2019-10-01,476,0.5762167844237492,0.08570458518732721,0.10533957195472174,0.08753380992920484,0.09179933933595832,0.09636960092648035,0.11303128713155379
large,252,5,2019-11-01,476,0.2488816066483951,0.07603798133118071,0.0899483338513942,0.058659184089230626,0.06084302845810584,0.06439901636390487,0.05132294963521709
large,252,5,2019-12-02,476,0.4377587423558928,0.08077911891630382,0.07300375796589104,0.05116682773752589,0.04944648910127089,0.04936939078040626,0.05113650076356095
large,252,5,2020-01-02,477,0.25531322636288306,0.08547768066424863,0.07576684948073677,0.07023612687530065,0.07645443476071802,0.08307546437597381,0.08899626238437264
large,252,5,2020-02-03,477,0.30494628971373133,0.27146670166245535,0.2679686789373736,0.278008665897403,0.2786960643867547,0.27878347150414134,0.27548225592948655
large,252,5,2020-03-02,477,0.24474318383630037,0.7032448682910976,0.6865441656903941,0.825612086494763,0.8618523515181068,0.8945098868061884,0.9135366504211857
large,252,5,2020-04-01,480,0.26345733737207316,0.2713329654195664,0.248646235978697,0.22846418700049687,0.2438530098616275,0.2772610395377346,0.3649731416834961
large,252,5,2020-05-01,480,0.29583600555920436,0.15254645551585502,0.1886280415450615,0.15567233470190128,0.15602857120655617,0.15940036816307743,0.2106454073264886
large,252,5,2020-06-01,482,0.4346968700445377,0.15599808918600996,0.10834896544369602,0.15785816119808177,0.17036415743004282,0.19120131704972876,0.27666909833445213
large,252,5,2020-07-01,483,0.3093064904630179,0.13599444459999513,0.1363034099105582,0.10298883219603001,0.10166386170712013,0.10594676813716651,0.1151825763244343
large,252,5,2020-08-03,483,0.23192196688312022,0.11842065083780927,0.15892525734228036,0.0966126103087689,0.08901813671827367,0.08288899014038596,0.06304158215972418
large,252,5,2020-09-01,483,0.17547548220205195,0.1397420860927435,0.13286008989502412,0.15460980270998398,0.16751941577628868,0.18361699385728508,0.19904771597558898
large,252,5,2020-10-01,484,0.13657740581663097,0.14475302426725223,0.14472676564864276,0.14263058760905423,0.14505929539559032,0.14956379203825543,0.16006985795788803
large,252,5,2020-11-02,484,0.12209575973330555,0.16258519605126603,0.15066808276256807,0.13196929822532039,0.13004604091949204,0.13097953606890553,0.12377742881300076
large,252,5,2020-12-01,484,0.12690662467185893,0.11186391125400208,0.11392402803871096,0.09462246750824217,0.08912591028753508,0.08566648531785677,0.08717768832657619
large,252,5,2021-01-04,484,0.10724044056822568,0.13772965083257652,0.10455634792598031,0.1196162062229932,0.11035571997672697,0.10442299640025356,0.10975482002628789
large,252,5,2021-02-01,484,0.09625972806158758,0.18087293521530867,0.12182468404152054,0.14063005688067526,0.12590797148588906,0.11543653894895865,0.11262462388636393
large,252,5,2021-03-01,484,0.07614984896129193,0.15861139936188043,0.13658157311872082,0.12812026393656198,0.11687759483783951,0.11223620557094774,0.11796890531746769
large,252,5,2021-04-01,486,0.35325160915719217,0.08853608400709276,0.10420211595712373,0.07315125765179757,0.07527813061075388,0.07696754343395429,0.07997328511849708
large,252,5,2021-05-03,486,0.4774418675817136,0.0932949751103094,0.10707892826139714,0.09994324139811611,0.1066101611931672,0.11251729092224559,0.12944849482736262
large,252,5,2021-06-01,486,0.2717696709788096,0.08538363985790079,0.09636418498157158,0.08840211957984243,0.09012646773816395,0.09191004108377944,0.09169458606348772
large,252,5,2021-07-01,486,0.20989108676418888,0.07369365245753931,0.07674315174532101,0.0704046449478429,0.07967787018138225,0.08985398570216509,0.0945429886986095
large,252,5,2021-08-02,486,0.17224838097072245,0.07746710823993672,0.08035370219328596,0.06123810172573947,0.061802507634782684,0.06360113977422258,0.06349833817013448
large,252,5,2021-09-01,486,0.13959289146197204,0.08094069242933162,0.08800042258629459,0.09428825922927431,0.09945755171493306,0.10437154167508213,0.10661684430228681
large,252,5,2021-10-01,487,0.10635691365085112,0.07426609297879296,0.06121914779311552,0.06979154643477802,0.07614235684084238,0.08353373947281009,0.08547137100412064
large,252,5,2021-11-01,487,0.11003826882862215,0.1183376450576476,0.11950932787623186,0.11117465639684797,0.11023297234732089,0.11193054800826696,0.11405777962070004
large,252,5,2021-12-01,487,0.2821805862147041,0.0872748233921275,0.0905366284821731,0.08979544892508828,0.09956219835742172,0.11117439188855294,0.12317671336585795
large,252,5,2022-01-03,489,0.14417725448909152,0.13477064589066645,0.11290353740292183,0.11493023875611419,0.11888116584734047,0.12854543838740928,0.1317913279708727
large,252,5,2022-02-01,489,0.0714716527711743,0.14854317593538013,0.1484269330025371,0.1259592145188298,0.1317060345478519,0.14395830443176363,0.14644827619367035
large,252,5,2022-03-01,490,0.17853662840489998,0.1391259557058561,0.16547866718883572,0.12667075216867205,0.13004365281631444,0.1384655278788028,0.15068359060938924
large,252,5,2022-04-01,490,0.12343637917743558,0.15012557393543988,0.1492688741088508,0.15045007126534718,0.1584793090126377,0.1678942886589155,0.17133845117687138
large,252,5,2022-05-02,492,0.08877248979991559,0.17362388927322595,0.19169152283286575,0.1816114409250437,0.19169422564021318,0.20349183131411677,0.2114548120091633
large,252,5,2022-06-01,492,0.08854405171503768,0.18418985371270724,0.1577846362975074,0.18434171660397866,0.1924670616001376,0.20162059847390956,0.2109452618478789
large,252,5,2022-07-01,492,0.09566146137999201,0.09044487498020155,0.11079726320215584,0.1101298272576014,0.12255340930620182,0.1332137399832468,0.13172337180391272
large,252,5,2022-08-01,493,0.09793924867556769,0.12683129341643803,0.12630416866592575,0.1225794879322249,0.124423133270923,0.12821261056673966,0.13307041660464378
large,252,5,2022-09-01,493,0.10817075844612985,0.20590134103523672,0.1299255982717341,0.17847577661980127,0.18912320234572919,0.200870608645682,0.21144125801815625
large,252,5,2022-10-03,493,0.12634253838363094,0.15202065696121883,0.12657630814767634,0.17198013538422316,0.19006296813831708,0.20742950842611887,0.21314402043158356
large,252,5,2022-11-01,493,0.10097486564621784,0.21715337244553928,0.17573763611487084,0.11596688687610389,0.12536730317135078,0.14611263998125246,0.16252419560730652
large,252,5,2022-12-01,493,0.1325735370275299,0.12537743197200407,0.11171693725239525,0.09525902422867609,0.10138740358386959,0.11151102315372838,0.12473915158630734
large,252,5,2023-01-03,493,0.16501765173152072,0.16357431401725478,0.15496918151790312,0.124573654931286,0.12511157886698784,0.12956429821181642,0.13488761991554654
large,252,5,2023-02-01,494,0.2588840680578491,0.15991444130494398,0.13428810764339885,0.09389698140526458,0.08987908889672844,0.09160248991695673,0.09321651494750999
large,252,5,2023-03-01,494,0.20920374796499855,0.1284162503031115,0.132190495442932,0.12529216184319691,0.13903242374225963,0.15335868745036904,0.17074482824570483
large,252,5,2023-04-03,494,0.16304008928750802,0.11752929124814247,0.08540500686044451,0.0913755577569017,0.08759665462238465,0.08970261649031475,0.09406894315885847
large,252,5,2023-05-01,494,0.1528157319547999,0.122132631881879,0.10652705044707546,0.08849713661918246,0.08009574568777175,0.07854118229850265,0.08523864016392818
large,252,5,2023-06-01,494,0.12140171579699523,0.17603027236674543,0.08981156083840018,0.0999847510073785,0.0900161218939129,0.09152141573633919,0.09465074640551947
large,252,5,2023-07-03,494,0.36550446937013004,0.09905466850269219,0.07901749706950488,0.07575243300219817,0.07568232140539384,0.07735391151924201,0.06686500606335154
large,252,5,2023-08-01,494,0.35934403803289006,0.0937974806831466,0.11213393202863282,0.07946369530485162,0.07960418158352124,0.08155953047503353,0.08541136272229889
large,252,5,2023-09-01,494,0.39591037008447455,0.11755750275895883,0.11183612820972495,0.08211140584222167,0.09086106341774608,0.09894222509207423,0.09760742757060119
large,252,5,2023-10-02,494,0.2664310066875213,0.17854639210512174,0.13097146017685943,0.11482802914965774,0.11351241333514034,0.11744339409945065,0.12316087924983668
large,252,5,2023-11-01,494,0.20861955499293242,0.11860739461487363,0.09412523209233015,0.07259459356865153,0.0786744824791034,0.09203348367239887,0.09846887394883938
large,252,5,2023-12-01,494,0.1735874519901476,0.16709734017302538,0.12614865279585805,0.11566978717356453,0.10563430413373891,0.10104581192625607,0.0990255385604641
large,252,5,2024-01-02,495,0.23550586757565292,0.07513626858351832,0.10233180850456447,0.07186713371056959,0.07907390157465405,0.08609557552129211,0.08864102194005558
large,252,5,2024-02-01,495,0.24626079271691317,0.0679164220531658,0.08181528318231321,0.05947579647675763,0.06540182230291226,0.07215599523575816,0.07974975225549352
large,252,5,2024-03-01,495,0.24089737795397168,0.0743374070925118,0.0722893658733011,0.06470453493330658,0.06894406070110984,0.07444139278309134,0.07465436078326963
large,252,5,2024-04-01,495,0.2689078549986155,0.10597907222967969,0.10539382278741892,0.08042494935791099,0.08243110559524894,0.08649606784031277,0.09581209760394452
large,252,5,2024-05-01,495,0.2969940069684583,0.09116721920392107,0.0864122863501908,0.08545836581492378,0.09144894855849987,0.09650946942387488,0.09576173748076645
large,252,5,2024-06-03,496,0.38348298178314455,0.09705714481765505,0.09895447674186231,0.05250121046644089,0.05192219349524753,0.05340592590132607,0.060140521681231934
large,252,5,2024-07-01,496,0.4443035064598765,0.10311631035853723,0.10579122036271105,0.07360374758180292,0.0794002011250994,0.08717509682866896,0.10330656653922392
large,252,5,2024-08-01,496,0.45699462341425034,0.12308225080017829,0.1039492853175287,0.11842162160151577,0.1170011360963709,0.11819879167355567,0.1505224830220105
large,252,5,2024-09-03,496,0.4627852899185235,0.08048814721098425,0.08065372443625836,0.06986601081913014,0.07114036693484493,0.07309826064840791,0.08489391795013346
large,252,5,2024-10-01,496,0.5311310052488943,0.08420690489092858,0.06476801046358448,0.07551502506948457,0.07714999496880084,0.07892389653380491,0.08522792004487685
large,252,5,2024-11-01,497,0.5960474011677016,0.10815663500097004,0.11391253230691545,0.10117778889799059,0.10173483913755207,0.10230855388943412,0.11414819322657507
large,252,5,2024-12-02,497,0.38420113089500413,0.07825942385614268,0.08379205149582185,0.08468744295297911,0.09153530133149908,0.09906893127245243,0.10917302287277439
large,252,5,2025-01-02,497,0.2597830343348409,0.12676677289166322,0.09196617861009224,0.10889213494013321,0.1075969846949856,0.10833092854026764,0.10846278920252223
large,252,5,2025-02-03,497,0.26588255341822736,0.10996278767089444,0.1191647570767154,0.08393571132521409,0.08090700790674367,0.0816071268628226,0.08356853522792239
large,252,5,2025-03-03,497,0.2998653020213893,0.10657845827230195,0.08914591456772844,0.11243395251198786,0.12192139841158914,0.13250684374302413,0.14400730427243236
large,252,5,2025-04-01,499,0.24896102648618904,0.3067235955962795,0.23453075721781846,0.31381825066785635,0.32628335742401654,0.34325899174453023,0.3721882844275933
large,252,5,2025-05-01,499,0.3031519551169278,0.14193683383896943,0.12151784727407998,0.12437590576124391,0.12412994152333559,0.1247153072758482,0.1365902376715922
large,252,5,2025-06-02,499,0.27213074300322554,0.07004006264876522,0.1116900083813537,0.07986821764025877,0.08328304335255995,0.08679911258858505,0.09002523602158306
large,252,5,2025-07-01,499,0.21017370939418986,0.07653265697737709,0.10453434963520845,0.0841794282936976,0.08640000421945881,0.08883441437318346,0.0925738363103165
large,252,5,2025-08-01,499,0.1345157664580428,0.10806337315726879,0.10148266879368374,0.08098590664386715,0.07925897001338164,0.08146597092238028,0.08546013718309299
large,252,5,2025-09-02,499,0.17562628904046493,0.08123492564402503,0.11264653947210013,0.07188899235754236,0.07324966798698704,0.07600791523391975,0.07886339365998858
large,252,5,2025-10-01,499,0.22024181686071403,0.07710113965320405,0.11156347479289931,0.0725034205245543,0.07572834770996918,0.07897607725347744,0.0919245154941457
large,252,5,2025-11-03,499,0.20230140570482583,0.11305414207417837,0.11633136466512939,0.09580155310950662,0.09681956040911147,0.09878003221472766,0.10788221712733126
large,252,5,2025-12-01,499,0.18703924633778393,0.06680033254712857,0.07292456915214526,0.06741969242874045,0.06921963197778412,0.07161726038069738,0.07072821295310139
large,252,5,2026-01-02,499,0.19653711805697008,0.12344327271964035,0.09999419572333204,0.07594192412430147,0.07100844128902478,0.07016023661576276,0.08106801950632857
large,252,5,2026-02-02,499,0.2707487638471712,0.15665925873182843,0.15776023680329557,0.09004121342446432,0.07957593470690207,0.07427939189495993,0.08375492816807008
large,252,5,2026-03-02,500,0.22127819930679682,0.1051578043167561,0.09983217533023753,0.1018030064186613,0.09951312152142129,0.09884842096651149,0.10770817877452706
large,252,5,2026-04-01,500,0.24236116054255172,0.09278642975892137,0.08748557362077422,0.0911450095019723,0.09545859787993337,0.0991404352543749,0.09846529034483041
large,252,5,2026-05-01,500,0.13107140863261676,0.13862105672396766,0.0967064398679477,0.10682594033643562,0.08896009247031314,0.07293758887204635,0.0715158083466408
large,252,5,2026-06-01,500,0.11063225729030679,0.09725655667450539,0.08186728234404202,0.09241828821539946,0.09390568056013314,0.0978832333916456,0.09220665980608218
large,252,5,2026-07-01,500,0.08027907047598519,0.09500656117997223,0.07741279490859562,0.07757237930774803,0.07845335571892038,0.0791722443356202,0.07611915682162784
mid,63,5,2018-05-01,347,0.6291116540986424,0.09903998137848499,0.075503059689168,0.07937247561140852,0.08156130972474096,0.08485278000233162,0.09370308663728415
mid,63,5,2018-06-01,347,0.6548512963623127,0.061798572494055216,0.06503614538550866,0.07736418701293005,0.08411078273472394,0.08812631825664621,0.09786098864412068
mid,63,5,2018-07-02,348,0.5969970312395683,0.09156739638061068,0.08128932291661167,0.08625584201672724,0.09140311398226347,0.09564447489223243,0.10413719007156469
mid,63,5,2018-08-01,350,0.5308861311909919,0.06379871352917403,0.06605868961851499,0.07973055399676217,0.08567875598557317,0.08976242929530115,0.09136127889088727
mid,63,5,2018-09-04,352,0.5295379209784209,0.09560704948103922,0.07524347639948806,0.07375207574848933,0.07413182263121329,0.07504750825766952,0.07599279039141056
mid,63,5,2018-10-01,353,0.399133777671293,0.13485177001842485,0.1462860575784806,0.20284419804268689,0.22140889248955203,0.23448935903379436,0.23642425569340286
mid,63,5,2018-11-01,353,0.6311469944365721,0.08825229734039329,0.09539750100771605,0.1239806354511619,0.13279986053006035,0.1406529429719144,0.18278657752653366
mid,63,5,2018-12-03,353,0.6245576346291262,0.19017267085322362,0.1818247789372859,0.2272364405210957,0.24234616975134232,0.25421871195101514,0.2932674752444343
mid,63,5,2019-01-02,354,0.6121455535734143,0.06921796885966017,0.08801295981565754,0.09079322071430809,0.10347568779440589,0.11677102152252115,0.17716691304119728
mid,63,5,2019-02-01,355,0.5993006992410189,0.07448398136356248,0.10074571531728503,0.06581613407196026,0.0667388144089396,0.0690277869762996,0.08976687026700945
mid,63,5,2019-03-01,355,0.5544924174868774,0.07867957651301209,0.07899694808528558,0.09730618109918182,0.11025400123308123,0.12285307767878824,0.1567123786450777
mid,63,5,2019-04-01,355,0.675516185515169,0.09623826822302145,0.09314222624846344,0.09762053014375131,0.09973480442024067,0.10242624842246148,0.11274507855732253
mid,63,5,2019-05-01,355,0.6876774051273344,0.09362869368125351,0.1079154060407849,0.13463724334734756,0.14879615003551036,0.15770373542023358,0.18282056315191691
mid,63,5,2019-06-03,355,0.5961549076271994,0.11145775451470316,0.09108844813649628,0.09919449787303021,0.10576551622994007,0.11341623115913185,0.1329511080074496
mid,63,5,2019-07-01,355,0.5939845554130251,0.0772601888280091,0.0792673546875536,0.08258319774838661,0.09181761673568868,0.10111695434087381,0.12351050839759042
mid,63,5,2019-08-01,356,0.5702146228363093,0.1423199976668538,0.14505735547256546,0.18021680956525774,0.19525291184065385,0.20855217190604897,0.23938909043195833
mid,63,5,2019-09-03,358,0.5799338162452632,0.0667333875882308,0.06665698115094669,0.07307140860637086,0.08641351991943982,0.09944475962127436,0.13618915139149773
mid,63,5,2019-10-01,359,0.4822831986959445,0.08365906721390597,0.07990765282153581,0.07610139444931671,0.08712482512879874,0.09949985414844499,0.12028633135930414
mid,63,5,2019-11-01,360,0.4739183426242134,0.09256195339705613,0.07544472714608112,0.07737516464122425,0.07886722667353332,0.08109827153477679,0.08195626618984156
mid,63,5,2019-12-02,360,0.44893417066310687,0.07592874915611507,0.053375741294613005,0.04557775909481618,0.048613400381465714,0.05361703003134805,0.06299659698331707
mid,63,5,2020-01-02,362,0.5790647254404192,0.06780130661634529,0.07322258609576306,0.09753367913723056,0.10743887581987187,0.11527923105824107,0.12020206918667836
mid,63,5,2020-02-03,363,0.4947957292544023,0.2784379761345578,0.2660782694482309,0.27352377747115525,0.27469077713925766,0.27734707910393036,0.2814466191383826
mid,63,5,2020-03-02,364,0.5196314079449024,0.7459717571713537,0.8468212249061,0.966241337051853,1.014302717159438,1.0541531501731967,1.0894053041059535
mid,63,5,2020-04-01,365,0.6031909266044335,0.2277729351258177,0.24639816343155935,0.3625359918516221,0.40948151646944075,0.45580320502605676,0.5581932483104329
mid,63,5,2020-05-01,365,0.4761415434225474,0.17045520694386526,0.1383362511777417,0.1896263452333362,0.2398130274630569,0.2944185262290475,0.41499044024090653
mid,63,5,2020-06-01,365,0.4016375245389823,0.18092733261121083,0.14808812956247946,0.20338290345637358,0.22975060568808645,0.26964597358860215,0.38970832423937846
mid,63,5,2020-07-01,365,0.47787067030082014,0.1035476696547245,0.10845270015777342,0.116022447143954,0.13130465063919436,0.14564750838599655,0.1852855983578587
mid,63,5,2020-08-03,366,0.45690387388073717,0.0889770398652668,0.07808604870147864,0.07867467823378702,0.08102226956323559,0.08297891283042289,0.10617855086717176
mid,63,5,2020-09-01,367,0.3793765331150842,0.13863327604764406,0.1341900224351754,0.1993006400179267,0.21923719681441886,0.2341491468796728,0.23323811219444254
mid,63,5,2020-10-01,370,0.518836422558498,0.1328117292845239,0.13924730331245724,0.16873165959783962,0.18306072226118475,0.1973470041465663,0.21696879744065103
mid,63,5,2020-11-02,370,0.4056498983097199,0.19938609864012694,0.1602677903271989,0.1582104762449895,0.16665911042778972,0.1832045794291387,0.22726863155228333
mid,63,5,2020-12-01,370,0.48104257261203415,0.11525481411090797,0.09417566247635745,0.11028680756367436,0.11946345070173296,0.12794328124436719,0.1374550714216169
mid,63,5,2021-01-04,372,0.344958724694517,0.13036900549235433,0.2421987790365487,0.2195906226405834,0.2267197242900307,0.22856967668467265,0.22744093476467167
mid,63,5,2021-02-01,373,0.20231801551233333,0.11227814809718095,0.12396030916062174,0.19367307256656208,0.20438243609720125,0.210532351081881,0.2010846166888605
mid,63,5,2021-03-01,374,0.3868449441154418,0.1333118385913129,0.14162846793513562,0.2021650860223907,0.2221792873892514,0.23647415919946585,0.2347437924571177
mid,63,5,2021-04-01,375,0.16244952288464476,0.0752450912038642,0.08148144280755347,0.09937253531733785,0.1207218708993548,0.1369414837892751,0.11901159846981371
mid,63,5,2021-05-03,376,0.13587360327832038,0.09787597162592601,0.1276656199259013,0.14165268561453412,0.15641250069454812,0.17108080133857678,0.15776351418421594
mid,63,5,2021-06-01,376,0.4751239665964609,0.12105007453088087,0.10671516033627855,0.12713562724396085,0.1336667797514233,0.14010719376945616,0.14241913469713371
mid,63,5,2021-07-01,377,0.2861571083224875,0.06616846989039292,0.10128332144086258,0.13136581600180483,0.1482321290464041,0.16405402778200093,0.17379520152106875
mid,63,5,2021-08-02,379,0.3288126329629354,0.07591595532358092,0.08749713631205525,0.07930713809002866,0.08766756932457513,0.0998846796817871,0.12179215320454884
mid,63,5,2021-09-01,379,0.584092166911175,0.08763918599941732,0.09727718857593924,0.11395433723581454,0.12035664128960803,0.12754270524217443,0.16084000055231887
mid,63,5,2021-10-01,381,0.6198596332268008,0.09459094839330823,0.11252859572518464,0.12084909915968822,0.1250564186452529,0.1288770964666177,0.1398787994788722
mid,63,5,2021-11-01,385,0.6032541593205889,0.0995258267864711,0.10304925391872706,0.11808562929541093,0.12803628056564173,0.13743798614896965,0.16301096641312954
mid,63,5,2021-12-01,385,0.38513607697192265,0.11008548157652942,0.10006224912385966,0.1515188395575962,0.170308593524132,0.18695438215706803,0.19254118807468523
mid,63,5,2022-01-03,386,0.38819822738134374,0.12364163279502254,0.13856968270275796,0.18756395357101477,0.20205448182389707,0.2151870091857758,0.2205609836975746
mid,63,5,2022-02-01,387,0.4096061644646685,0.15585154866600132,0.1531884095412218,0.18724663969375765,0.20469744081753166,0.2181719244263583,0.23924786620501182
mid,63,5,2022-03-01,387,0.5258755801717816,0.14069145932523924,0.11302918137724094,0.12892719757868412,0.15115115765811651,0.17927425100667835,0.2275652350208948
mid,63,5,2022-04-01,387,0.38588608092241644,0.17949578869743116,0.15253081188154372,0.17589894162570838,0.1833345971434365,0.19235807496405488,0.21168557170009122
mid,63,5,2022-05-02,387,0.38146667986718663,0.12187923889358514,0.162542834822871,0.21868524756826063,0.24230925740105078,0.26223205730162114,0.3088893412473271
mid,63,5,2022-06-01,387,0.48740127486389456,0.2085956587132906,0.20559729861712664,0.2405382285951646,0.25553095623628697,0.271437047447112,0.32342594916238804
mid,63,5,2022-07-01,388,0.47511497926348706,0.14082033698688065,0.15419355363372303,0.149758153367289,0.15032019556864082,0.15229645100440037,0.18772431079088206
mid,63,5,2022-08-01,388,0.4171040330656207,0.1309044734932151,0.11581821584659162,0.1257858483149081,0.13571612136932013,0.14917308506721705,0.18290099551144343
mid,63,5,2022-09-01,388,0.5795571834849809,0.12620478770320706,0.15767984455899298,0.18983350443890518,0.2131489285919194,0.23412373011969226,0.2786662299600374
mid,63,5,2022-10-03,388,0.5176464481515851,0.18693117422387712,0.18082925946685116,0.22221251057807437,0.232827999935655,0.24461663126612596,0.27361252106445244
mid,63,5,2022-11-01,388,0.6134761182376095,0.21074203191756538,0.155105569092155,0.1467981492691927,0.17589456331126327,0.20513751209611647,0.2978940331639824
mid,63,5,2022-12-01,388,0.5281133136385577,0.07211725851974916,0.07592543228058561,0.11170837529138705,0.12831131200959753,0.14451261745873153,0.18898221471631055
mid,63,5,2023-01-03,389,0.5791295048870176,0.08101261864992372,0.11962558587020096,0.12722677139948815,0.13754980663606425,0.14812396869773214,0.17705314300775246
mid,63,5,2023-02-01,389,0.5539764332970014,0.10050335552072281,0.08217087535505024,0.09500717026548691,0.10347279217810865,0.1130989528071038,0.14545537945192272
mid,63,5,2023-03-01,389,0.35034625781313006,0.11579267825065587,0.1658696639173156,0.20971164733434985,0.22903303593062815,0.24378961224975085,0.24377689895653504
mid,63,5,2023-04-03,389,0.44030174072868694,0.09473788954663756,0.11191607968321371,0.1089096759618333,0.12022383081909656,0.1313289386624884,0.14094915279569928
mid,63,5,2023-05-01,389,0.38881642652951953,0.07586272256760238,0.08125602313934381,0.07391249085381486,0.08860832372664092,0.10716100509480123,0.14361469272795535
mid,63,5,2023-06-01,390,0.542426649963672,0.07391013250026375,0.08339059687936098,0.11766353622993657,0.13263200712150935,0.14620681653972636,0.17021242805903544
mid,63,5,2023-07-03,391,0.5847798120420123,0.08580941089085181,0.09832889896198228,0.09629231136778926,0.10451934458657158,0.11105188233635074,0.125509969567988
mid,63,5,2023-08-01,391,0.717913958532089,0.09082235099528006,0.07378224968159935,0.11020363189508893,0.11567318693557357,0.11888790156470817,0.12564843580326968
mid,63,5,2023-09-01,392,0.5733106793007561,0.11802679600622262,0.10732477245261057,0.12361634566156977,0.12820907917232452,0.13201320453193205,0.13554700944919093
mid,63,5,2023-10-02,394,0.5942358657121813,0.12731073876242996,0.1386144416824355,0.16093278894355695,0.16948565390894701,0.17566402590984032,0.18585423895316147
mid,63,5,2023-11-01,395,0.654447460281667,0.08462971983198944,0.08431869648561054,0.1544098540694293,0.17920096079355025,0.19436731833212706,0.2186103199554793
mid,63,5,2023-12-01,395,0.6319455202634633,0.12694651633123566,0.13283860881521106,0.11156127897900373,0.12300338245741478,0.13355292285529002,0.18052794633874564
mid,63,5,2024-01-02,396,0.6629273273447217,0.08923011081159499,0.09398202274140219,0.10646913406660762,0.11683115881401904,0.12685068746788755,0.15893722748579764
mid,63,5,2024-02-01,396,0.5835949448285774,0.08268874275138423,0.10723700428793315,0.10161672891318005,0.11521849978771587,0.12882666121070238,0.1590015416889669
mid,63,5,2024-03-01,396,0.5835130026277059,0.06486594236339552,0.06717415140082958,0.07886501637741918,0.08787940232046015,0.09655930469142114,0.11346920564776412
mid,63,5,2024-04-01,396,0.5095744350820465,0.09039073797025464,0.08594734800254435,0.10490456490337713,0.11727296858360581,0.12976885847676628,0.14320748158275087
mid,63,5,2024-05-01,396,0.5164330312132643,0.09106969021828588,0.0915088753452033,0.10681021363530459,0.11369199764069225,0.12064991052865169,0.12884825891073368
mid,63,5,2024-06-03,397,0.35498945315793184,0.07358006060356988,0.06883652754421665,0.09365515121383905,0.10705551356657887,0.11759790559326086,0.11530593010218032
mid,63,5,2024-07-01,397,0.32154358171498376,0.07780177358834155,0.08731967342509292,0.16391626809564236,0.18758241541290646,0.20502064540061604,0.19703426969766255
mid,63,5,2024-08-01,398,0.3209480508829898,0.1282676890560671,0.1292644560273684,0.17938845137526166,0.20429328716325793,0.22754328041456987,0.21876699975051495
mid,63,5,2024-09-03,398,0.49172154945407165,0.09106925966705688,0.08584376667925792,0.08054238443954172,0.09215135706311896,0.10658449660128858,0.12952703736446589
mid,63,5,2024-10-01,398,0.6227640989562017,0.08734352951349221,0.08964956856976136,0.08998052779440019,0.09290516511098476,0.0968824185639766,0.11233673358087864
mid,63,5,2024-11-01,398,0.6424181361404877,0.1147908298564118,0.11991345610269039,0.1525089019748404,0.16716172107850713,0.17849586730573475,0.19904914775491153
mid,63,5,2024-12-02,398,0.5311757496458601,0.1098187090638782,0.11026210632038838,0.13458021938609008,0.1422436997164624,0.14879392381531212,0.1538314790130246
mid,63,5,2025-01-02,399,0.4931595969432542,0.13575314029096766,0.10880410350459173,0.11954433984891194,0.12566071930536926,0.132377029618868,0.1384946450183672
mid,63,5,2025-02-03,399,0.4247764577759556,0.09742059463852015,0.10416409372812858,0.11727482874874862,0.12682483478803216,0.13555937332178783,0.14697965018892453
mid,63,5,2025-03-03,399,0.604604655983145,0.13804926241007182,0.12979029144341966,0.16982668234471074,0.1827915648854882,0.19217466073411987,0.2119682479583838
mid,63,5,2025-04-01,399,0.5616934453304151,0.29775858675002354,0.30832758444853,0.38787676714622576,0.4284229731343652,0.46178996636733693,0.5072251086126373
mid,63,5,2025-05-01,399,0.6115086863896966,0.15984568456985856,0.15111009284402607,0.1321768120215927,0.1309333843055435,0.13495616867050877,0.20730950841357956
mid,63,5,2025-06-02,399,0.5354666696495851,0.14467161375474405,0.1058408902356281,0.10393565962693985,0.09956597885081628,0.09794854170891348,0.12973271951878937
mid,63,5,2025-07-01,399,0.47421742881952045,0.13064376519753237,0.13200481973230702,0.11154565987073894,0.11257613174209914,0.11457373804508059,0.13564779554014567
mid,63,5,2025-08-01,399,0.6573745139514757,0.08181906842243697,0.08876881022415806,0.10311453957737675,0.1180311774865152,0.13081969502552762,0.17217767176938628
mid,63,5,2025-09-02,399,0.5713227415632571,0.06456776757988408,0.07800823410344501,0.08739494952230031,0.09707910135988534,0.10490697219199337,0.116760977588537
mid,63,5,2025-10-01,399,0.6011570449345401,0.08455127228458027,0.11153183166288103,0.12465124300695651,0.1391451714663757,0.1507718931215441,0.1681343606761863
mid,63,5,2025-11-03,399,0.5897748563506597,0.07330508033368842,0.10760711993895945,0.12686226070071682,0.14427181253071805,0.1593155475168551,0.17881783323590653
mid,63,5,2025-12-01,399,0.48383429009231144,0.07197106715034503,0.07657828392587723,0.07973958912263653,0.08860565024949567,0.09741704477115017,0.10680834213769459
mid,63,5,2026-01-02,399,0.46751629924533067,0.06253147913529052,0.07326482086668332,0.08748970693759014,0.10602464641355608,0.12282781041063302,0.13187440322637628
mid,63,5,2026-02-02,400,0.5236885355800712,0.07907515079653249,0.12381334163065442,0.12050561251110299,0.13606372229583158,0.14897316089027024,0.1589658916952198
mid,63,5,2026-03-02,400,0.5155012876517617,0.08485271384520686,0.11593322738951399,0.1579061943349911,0.17632696003649226,0.18861416792988106,0.20057618650560807
mid,63,5,2026-04-01,400,0.5326753457176545,0.07220556044425887,0.06996539812999025,0.07975018069118368,0.0949259910927942,0.1111255714165031,0.12596026994126946
mid,63,5,2026-05-01,400,0.4888257318061185,0.07488157928142744,0.0877717015297933,0.08135365402833662,0.09573972568997002,0.11279089264730642,0.12242442172099091
mid,63,5,2026-06-01,400,0.5990148837443809,0.09065799624261309,0.10704150168072012,0.10154020041513158,0.10768375420918541,0.11620990895130749,0.1277374189842756
mid,63,5,2026-07-01,400,0.47544079322298516,0.05053529337794687,0.0787216779600986,0.07423820853595157,0.08793161178783461,0.10243888697076983,0.10167810486796246
mid,252,5,2019-02-01,347,0.40013957590310184,0.07924700421067811,0.1588806214530591,0.05727931886364741,0.05813424559264204,0.061294857205202474,0.08055956882678372
mid,252,5,2019-03-01,347,0.40644971173150096,0.07689403452276006,0.08478694108461732,0.09395962790350305,0.10263862517873228,0.11311580286526154,0.14537220840541965
mid,252,5,2019-04-01,348,0.45568525084313455,0.07660304717258548,0.09346269647682416,0.09154832255481433,0.0955882027893819,0.09887281603190066,0.10587105939629508
mid,252,5,2019-05-01,350,0.4384225330343041,0.0702358835995515,0.08364182948318521,0.0964623047533732,0.10642909164018641,0.11676858380272687,0.1530093713550456
mid,252,5,2019-06-03,352,0.4613562600843367,0.07734325362561388,0.09214826897781618,0.08831519111654733,0.0926045313916637,0.09682407713381155,0.11721487429780714
mid,252,5,2019-07-01,353,0.43423277445408237,0.09212512014672539,0.10210735776500728,0.07779302832986693,0.08203216175419352,0.08966288588795374,0.11067608733840807
mid,252,5,2019-08-01,353,0.4831639091737569,0.11502141257056227,0.11724038376724202,0.15433162342281254,0.16976182793770062,0.18535166718582052,0.22676311250180475
mid,252,5,2019-09-03,353,0.4777945890932706,0.07254091725770745,0.08917570275020487,0.05806431898370575,0.06662590617035981,0.07950167445377868,0.12188132246010153
mid,252,5,2019-10-01,354,0.2752388342813094,0.09633217964482066,0.13303525710376646,0.07290485208959108,0.07411463094790635,0.07992496708086774,0.10152918350400292
mid,252,5,2019-11-01,355,0.2853723118666659,0.06538954094755028,0.09476522145700149,0.0645810651916257,0.06602780745950665,0.06720776578032786,0.07115331968027967
mid,252,5,2019-12-02,355,0.4106777012496794,0.08291594212074961,0.06541172787855098,0.0602599071209066,0.05344724948911471,0.04867630075801358,0.05254403718701639
mid,252,5,2020-01-02,355,0.2712292795038346,0.06298851685729964,0.07091358461136806,0.06806044047975708,0.07211241643506758,0.07793990568737429,0.09277558257143091
mid,252,5,2020-02-03,355,0.18939157565894227,0.2999112926783144,0.21788884004232215,0.2898876404325118,0.2859647056121329,0.28167123778070424,0.2785102615245576
mid,252,5,2020-03-02,355,0.1937964217758366,0.8246062556967638,0.8850732525634923,0.9222026980539458,0.9654880932322,1.0086772916357054,1.0321241649925914
mid,252,5,2020-04-01,355,0.33761312169285973,0.21363348715314895,0.2305094647167812,0.3214524752373098,0.36885645166847525,0.420905485403083,0.5168562220583339
mid,252,5,2020-05-01,356,0.2804675128115136,0.1352820040450903,0.15850606376144147,0.17942001364681182,0.2212903399499534,0.27039591867848733,0.3832924791554724
mid,252,5,2020-06-01,358,0.271074436395501,0.18470234713735792,0.12820684494465948,0.1957951374453806,0.21303617526473737,0.2422141340797425,0.33978420207387505
mid,252,5,2020-07-01,359,0.15106283139247476,0.14343378084859845,0.11384046704155834,0.12240844459116919,0.1179315728849187,0.11977610878230398,0.1500017548160534
mid,252,5,2020-08-03,360,0.1528609164495552,0.10785436634629716,0.11614785683190114,0.08758737360003896,0.07770797880979345,0.0714223637419711,0.07700840151378618
mid,252,5,2020-09-01,360,0.1890636795914943,0.12689275387818078,0.13326098003515385,0.16578286149538748,0.17916736990128315,0.19081982973932196,0.20537205502965972
mid,252,5,2020-10-01,362,0.20531591572467212,0.12826522768618465,0.10954296356054162,0.15587399698284712,0.16271174757796203,0.17029663924396082,0.1892079026826066
mid,252,5,2020-11-02,363,0.21985001419991956,0.11571132258594241,0.11794861962598806,0.13166058897288324,0.13480214596178564,0.13968230527603476,0.1633813424354964
mid,252,5,2020-12-01,364,0.39846885082895916,0.09652645633449282,0.08210270015868643,0.1038142195232567,0.109370637120635,0.11526776556235084,0.12749615740019674
mid,252,5,2021-01-04,365,0.3801144880238887,0.11925188818597623,0.164660878086896,0.12341309529146427,0.1488917427344259,0.17202371349901183,0.20081029524657928
mid,252,5,2021-02-01,365,0.4199760907643537,0.14024463735385986,0.1731860300493867,0.16430142919294743,0.1728875934457753,0.18131067785585886,0.19282951580123311
mid,252,5,2021-03-01,365,0.6094004324440228,0.12665232670693338,0.12179431406570425,0.1863193032704113,0.20415915803494913,0.2144335442683074,0.23554374208133666
mid,252,5,2021-04-01,365,0.5822882331805564,0.11717547066200716,0.11598111961746235,0.09732607592816594,0.11122539108043342,0.12134975148089881,0.12370940251423314
mid,252,5,2021-05-03,366,0.26890690280578416,0.10148697906675351,0.12484434355949837,0.12814991518848753,0.14870250429082757,0.1681951959961872,0.15852538923881737
mid,252,5,2021-06-01,366,0.28424709909099194,0.13946817760434202,0.09729147299399828,0.10138598360124891,0.10289423613642698,0.10746922057145541,0.11760309309157138
mid,252,5,2021-07-01,370,0.17624732906504048,0.11258210061415563,0.08491889746047131,0.10689679777219689,0.12543875856979236,0.1457938626530234,0.14389141521075527
mid,252,5,2021-08-02,370,0.1450594889187748,0.11948533625270447,0.10302304712620532,0.07726398565373549,0.081485312269432,0.09638941096963743,0.09326304282079233
mid,252,5,2021-09-01,370,0.10877742078095924,0.12806099650741637,0.08363525783094194,0.10969636621600205,0.11271362020588518,0.12150983667384573,0.12223718371991106
mid,252,5,2021-10-01,372,0.2054205982901891,0.09336613452474189,0.11071992993407324,0.10594815760536842,0.11311598755494458,0.12161318383453441,0.12301055303811106
mid,252,5,2021-11-01,373,0.2765228675450282,0.09844895066394425,0.11851444549174439,0.10529205100693859,0.1148221468902213,0.12676655771344328,0.13819067561207318
mid,252,5,2021-12-01,374,0.0649421921078873,0.11308188469275629,0.10614400529426793,0.13244977367536093,0.1390847388320686,0.15014546368821113,0.147100777097255
mid,252,5,2022-01-03,376,0.07248807255972152,0.11125110981652159,0.14363166194090615,0.13029751196690945,0.14463539111530452,0.16439321920478903,0.16200710987121159
mid,252,5,2022-02-01,376,0.1454653332161534,0.16779288490832175,0.1816920684779849,0.14146193324536022,0.1564150754266048,0.18183637604965763,0.18352067330081367
mid,252,5,2022-03-01,376,0.4582330983455364,0.1985756897830455,0.1607006380539545,0.12947657211947433,0.15287411147254182,0.1846263710438176,0.22116133028310728
mid,252,5,2022-04-01,377,0.21248544404886816,0.17269768201976327,0.12554538669958662,0.15786686276892903,0.16145654904203466,0.16968160040258096,0.1858813482487827
mid,252,5,2022-05-02,379,0.24237293864395182,0.1295017103813918,0.1714964866821037,0.1864284596390612,0.20569879522817552,0.22594754255552557,0.2636362257694989
mid,252,5,2022-06-01,379,0.2933255410682697,0.23878214589851124,0.1997828672904573,0.2234241918741524,0.2328010919622942,0.2469821552244133,0.28520120433911633
mid,252,5,2022-07-01,381,0.32734909348653873,0.12934726388032758,0.14173419645457758,0.13532466357431971,0.1409600227034264,0.1455893607024946,0.1664091995342452
mid,252,5,2022-08-01,385,0.41059711638779656,0.1411914590039939,0.097057934443774,0.12045291229044777,0.12834535580826892,0.1399980573178037,0.17646982995578653
mid,252,5,2022-09-01,385,0.433073126354056,0.1478180790427651,0.14610160903429734,0.18198102443139344,0.2005124038772428,0.21738866565687232,0.2619493951680425
mid,252,5,2022-10-03,386,0.4096301719140125,0.1807105760455582,0.1836365179517487,0.20441516289089426,0.21570407504935216,0.2276171251079149,0.25376180925821873
mid,252,5,2022-11-01,387,0.4479560723238067,0.2277135173365729,0.22901677314448335,0.13762960693061232,0.16055350783634417,0.18817064873452677,0.25007366269866677
mid,252,5,2022-12-01,387,0.10098652497170339,0.09803701880168116,0.13601898681262617,0.08672448760101158,0.0958063263163504,0.11027909600119261,0.13177642950500937
mid,252,5,2023-01-03,387,0.10471815743878686,0.14569713316828825,0.1491258998818197,0.12345610812874828,0.12474568590002247,0.1297782308693369,0.13772691923521688
mid,252,5,2023-02-01,387,0.26445879029413755,0.09974498912740393,0.1318458122518391,0.08676099793849398,0.08981627530804337,0.09579145965654662,0.10965514143912365
mid,252,5,2023-03-01,387,0.255965467370692,0.1421441284249074,0.17163469887807528,0.1761473084010775,0.188125799812624,0.20005486295003855,0.2293765013147451
mid,252,5,2023-04-03,388,0.3515227584721058,0.1341686648470967,0.15235499722931983,0.10467934855524447,0.10639386583309098,0.11054825037975552,0.13210117253478454
mid,252,5,2023-05-01,388,0.3821064679468664,0.14566629395351954,0.13902804690146187,0.07939001382244401,0.07761890897012107,0.09110834116624811,0.14646933827993266
mid,252,5,2023-06-01,388,0.38097194242479626,0.09351353659894565,0.13931097937159423,0.10851760995797669,0.1257163811431052,0.14274813460083763,0.1672760801028607
mid,252,5,2023-07-03,388,0.4645074115045443,0.11178222447082305,0.08794004753083652,0.07220111905383052,0.07183954818526636,0.07810887918965219,0.11017345317762295
mid,252,5,2023-08-01,388,0.5622968909936623,0.0830675849111994,0.1308981570069681,0.07525327865748571,0.07972032799089739,0.08675665211379473,0.1116555323020383
mid,252,5,2023-09-01,388,0.5305948866181085,0.07815862361383363,0.13516363366560658,0.10474782931184007,0.11699958725910636,0.12667025801565074,0.13067553124893197
mid,252,5,2023-10-02,389,0.45527876578197185,0.12099718586637119,0.10594672204539113,0.1271933918473912,0.13801150039685303,0.1499619152419538,0.17034450191062525
mid,252,5,2023-11-01,389,0.5044919575454686,0.09152969616681624,0.14736699933219077,0.10660807823199757,0.12378908876220866,0.14524688277097328,0.18849167374010517
mid,252,5,2023-12-01,389,0.5489304956860305,0.17212730472019155,0.13879762182596386,0.10850163509708631,0.11041858240031861,0.12393594215161578,0.15889461704187138
mid,252,5,2024-01-02,389,0.5442790364887833,0.0793392447019258,0.08994905249655745,0.10456175693309366,0.11538421186168239,0.12527238119137601,0.1490358043025744
mid,252,5,2024-02-01,389,0.4909481201875436,0.08071931625726,0.1180159404828392,0.0875691070658,0.10234732470760176,0.11806777409120232,0.14731732812754178
mid,252,5,2024-03-01,390,0.4247900812594819,0.08324954166464317,0.10092237485402084,0.07131626122403362,0.07602926391219966,0.0827975519510692,0.10283596053793743
mid,252,5,2024-04-01,391,0.4424738924084689,0.09004548300829887,0.09817084660016157,0.09158394878421511,0.09946632380961486,0.109093400241764,0.13384042122711323
mid,252,5,2024-05-01,391,0.4815638674222644,0.0929055700915416,0.11102627907723056,0.09211889579342963,0.1010654532492348,0.11051555894679918,0.12029898572567063
mid,252,5,2024-06-03,391,0.3553682904055019,0.07978808656625011,0.07457828983360063,0.07436923962036193,0.08848114180974881,0.10359491781431815,0.10940440916591994
mid,252,5,2024-07-01,394,0.2529318750424018,0.07902574543222764,0.08054744921061663,0.09953093249373361,0.11471974047582376,0.135718520921029,0.15599121716296427
mid,252,5,2024-08-01,395,0.22674117679135802,0.12560260025508152,0.10661224216386958,0.13423119043792509,0.14953848356385696,0.17123147467446914,0.1922766821134415
mid,252,5,2024-09-03,395,0.27307871416805596,0.09015738002390912,0.10117480811703701,0.07485752953322367,0.07933462056164976,0.09236360044407502,0.10946083535262736
mid,252,5,2024-10-01,396,0.24443756952157117,0.08483837637525744,0.09360732999215719,0.08396243952658906,0.08787079202696108,0.09445241918823231,0.1030598885099821
mid,252,5,2024-11-01,396,0.2906369388851998,0.14077343026159464,0.09340935599796886,0.14814858191720787,0.1560728738754586,0.16838768517836486,0.18136724906987173
mid,252,5,2024-12-02,396,0.44964799533920435,0.1024527291487818,0.10451128414302109,0.11772509179682697,0.12568348336079063,0.13465242651951717,0.14274646231076743
mid,252,5,2025-01-02,396,0.37341886679072467,0.1275712986579909,0.1302112782024593,0.11418511905071374,0.11673257518108197,0.12316906561059526,0.12464048319990817
mid,252,5,2025-02-03,396,0.3218588331312729,0.09745362783195191,0.114774849251274,0.09568730751764512,0.10443631763756521,0.11565169537850047,0.12678231438992082
mid,252,5,2025-03-03,397,0.3072435636326098,0.13129395018078432,0.11886833603185079,0.1351876368127287,0.1488214829518023,0.16422665652541296,0.18010523825024016
mid,252,5,2025-04-01,397,0.28576315173880323,0.3447607750672805,0.2567344120760584,0.3391751322644412,0.3663058147315278,0.4014891439048174,0.4425588418627672
mid,252,5,2025-05-01,398,0.38494531763058687,0.15211739090181622,0.1300379597111226,0.11340268112496044,0.1252262088360108,0.14421921539528393,0.17371989972913285
mid,252,5,2025-06-02,398,0.2501361161366466,0.08773637078141477,0.08302437940025825,0.08022125552697391,0.08234529709435048,0.08577515565146594,0.10326017036344462
mid,252,5,2025-07-01,398,0.23265815416161376,0.10245565559209549,0.13468998892045494,0.09149009014066425,0.09778092098449706,0.10548126959060095,0.11830663601563184
mid,252,5,2025-08-01,398,0.27003070507446514,0.0913533931645553,0.13583655341741452,0.0837146916278457,0.09349227732242697,0.10462202143070745,0.13395584745187133
mid,252,5,2025-09-02,398,0.33958350011589095,0.07691137841191939,0.0991826918435895,0.07923648776562527,0.08636767310248737,0.09355191947118524,0.1011480170585489
mid,252,5,2025-10-01,398,0.3001670355387363,0.11310849705680771,0.12614125145661512,0.07767670737076494,0.08310353939929589,0.09228299862066716,0.12200942856207093
mid,252,5,2025-11-03,399,0.35196366342610036,0.11379446259076567,0.10286104483954045,0.10515620158867543,0.11140212812186474,0.1210035265361262,0.148059711743884
mid,252,5,2025-12-01,399,0.42238201931567065,0.0711150142872268,0.08547605980823322,0.07473946104335004,0.07548319922816663,0.07760989455067777,0.09125253110487506
mid,252,5,2026-01-02,399,0.5046836621638803,0.118729177848465,0.1057793880719503,0.06334840918655636,0.07307675475791627,0.08618110660956749,0.11962508807513593
mid,252,5,2026-02-02,399,0.6064541892204083,0.18487439032879424,0.1780409662986138,0.07450038041948703,0.09350419053446851,0.11098294767901916,0.14726197234401053
mid,252,5,2026-03-02,399,0.5032381040908933,0.17544396066979678,0.13794445269426003,0.11541329605659638,0.1111284107617925,0.1153145778732404,0.1632375400035878
mid,252,5,2026-04-01,399,0.45198688699487477,0.14787755561415816,0.11572477430702877,0.09986849713391463,0.09152408342676555,0.092668715723896,0.11292051080546964
mid,252,5,2026-05-01,399,0.3466709140936121,0.09861473980937464,0.08609293143527902,0.07181694243977094,0.070724712130743,0.0819181162999466,0.095420773036677
mid,252,5,2026-06-01,399,0.2934345579167852,0.12813464518735893,0.0736357989810715,0.10697249333282893,0.09974986824218114,0.09852555664935522,0.09797193355230378
mid,252,5,2026-07-01,399,0.16764315861523035,0.11843425556558565,0.09820554705952914,0.10540546188617705,0.09880448244774674,0.09240122448541849,0.09120389929670183
small,63,5,2018-05-01,503,0.5987644971765876,0.04979494672410336,0.0654757746757542,0.08090195592946588,0.08521726989598435,0.08835415682549456,0.0913524398945334
small,63,5,2018-06-01,506,0.5592852249683694,0.06453582951951155,0.10530949248472445,0.09770688680524496,0.10047940197044565,0.10287236488448187,0.10657506986171954
small,63,5,2018-07-02,507,0.3206046002393209,0.06018890397607835,0.05895522281290372,0.09795258335423773,0.10525695977591772,0.11015044790812029,0.1053933411268584
small,63,5,2018-08-01,508,0.268679568978372,0.043774617287007274,0.06120366120418186,0.07714012170040468,0.08243892414201882,0.08612879642803291,0.08457278379309463
small,63,5,2018-09-04,512,0.473632315049409,0.06760229471246705,0.0800726748347462,0.07495327595072125,0.07733928652779042,0.08025377665054,0.0827595620533012
small,63,5,2018-10-01,513,0.430715936168672,0.11128861181330157,0.16973693215212118,0.21450173229206781,0.22781668376863104,0.23713812071354082,0.23520976541329774
small,63,5,2018-11-01,516,0.5071638456773333,0.05404854166126418,0.1057080718778792,0.1270627469837351,0.14296021951027288,0.15789974469639106,0.16929529278506525
small,63,5,2018-12-03,516,0.5483082761537275,0.161257680733283,0.1810735449438273,0.23956435029800968,0.2565861080628249,0.271870386407742,0.2886395457372788
small,63,5,2019-01-02,517,0.6196258890764117,0.06381646804191293,0.10754709921678984,0.10497970376515989,0.1169063029075385,0.13072167457409414,0.1691033906789724
small,63,5,2019-02-01,519,0.6631750845814408,0.0792563657985078,0.09953054243507424,0.0790583364272405,0.08271485905221698,0.0872115578679504,0.1044349386997856
small,63,5,2019-03-01,521,0.66681543977016,0.09092646580147175,0.09498438763145342,0.12688817528490204,0.14224553157283723,0.15442305469088746,0.18223904682033296
small,63,5,2019-04-01,521,0.6443041384828438,0.06732086812388513,0.07993625141974367,0.09673793545540624,0.1033658970709311,0.10805504825808836,0.11802588521211797
small,63,5,2019-05-01,521,0.6140891137252227,0.07485868471547678,0.08902580554222483,0.14597832741283595,0.16116734969737778,0.17093179848354007,0.17979272966868437
small,63,5,2019-06-03,521,0.6200547824511226,0.09628678581931091,0.08388793137525688,0.11066871491468477,0.12105107884486456,0.13021025262504113,0.14745575736745653
small,63,5,2019-07-01,522,0.5992373528011417,0.05479764984532391,0.0636363906684419,0.09225937104020479,0.09953692011862134,0.10695532666521192,0.12771981231168883
small,63,5,2019-08-01,524,0.618109412544247,0.12539934124568036,0.14384825449434005,0.18521742780890627,0.20193160204422675,0.21460268927468398,0.24478207215792117
small,63,5,2019-09-03,525,0.6719585141945159,0.04787754169057972,0.09570909935586895,0.10791798250327159,0.12547181825158457,0.13866337836349238,0.18047804659243194
small,63,5,2019-10-01,527,0.6724712597026051,0.07445421151851128,0.08215903773657512,0.08976888943472916,0.09997358694712695,0.10773026003299153,0.13619895293786746
small,63,5,2019-11-01,527,0.6325319098575235,0.08548721238297971,0.08216993840545501,0.06943234324154411,0.07255064126581234,0.07763817149153278,0.09485163027475084
small,63,5,2019-12-02,527,0.6440366638195453,0.07053172564864088,0.053328580345640704,0.055557966137046784,0.05799761908780803,0.06058615903878222,0.07723262599207768
small,63,5,2020-01-02,528,0.45676219074149166,0.08172668803407614,0.08747569517509642,0.11732872033992671,0.12307657605869995,0.12792607105906448,0.13010129562331776
small,63,5,2020-02-03,530,0.5642808274448323,0.24938721710370318,0.21433387285286679,0.2297947295702596,0.23995035188533656,0.24737701363738557,0.2500995121654871
small,63,5,2020-03-02,530,0.6041027514935385,1.035950709677674,0.9622295852788485,1.0217579044073137,1.0400661482533748,1.0515150844769063,1.0957789505537914
small,63,5,2020-04-01,530,0.5263778871776443,0.2360083938336251,0.26782218536328084,0.3963386889100391,0.44628620967251736,0.49548183906435156,0.5711913824832142
small,63,5,2020-05-01,531,0.511766765153609,0.16202433627780774,0.15855088785794189,0.21955571512633898,0.27756048586711596,0.3359889335500194,0.43052286777209964
small,63,5,2020-06-01,532,0.5312630751186456,0.15919493619385133,0.1778215318835482,0.25045519724101245,0.29103700908881375,0.33727030775846834,0.4455226472079385
small,63,5,2020-07-01,532,0.6964425724593376,0.11146624657136017,0.1242873892335536,0.15784097970218752,0.17140664783008383,0.18144832612067896,0.25783041820651514
small,63,5,2020-08-03,533,0.5633568938912398,0.10538491817597731,0.11178781269790942,0.07989875879628788,0.08953183573264528,0.10089395695644451,0.15625085547392237
small,63,5,2020-09-01,533,0.59428371706097,0.13849331684407407,0.1552995648109607,0.2055662126903065,0.21949404534270497,0.23045259385504502,0.24604504077930286
small,63,5,2020-10-01,534,0.43455369847652914,0.13683930163875765,0.13540757952970908,0.16922878778607878,0.1860384136142299,0.2024147600830913,0.21465814741755593
small,63,5,2020-11-02,535,0.6472147281869564,0.1626252829219419,0.18467023830223944,0.21181985520825078,0.24080137661478748,0.262636494656338,0.3361465965672766
small,63,5,2020-12-01,538,0.5201792971027469,0.09562703305601365,0.10951772638872022,0.10955327590757839,0.12064972637388142,0.13147238698670058,0.14891593451379914
small,63,5,2021-01-04,542,0.6196303418380723,0.15309170800442073,0.14644632717367648,0.19246424713875873,0.2095131280419864,0.2227177802231698,0.24675525286465877
small,63,5,2021-02-01,544,0.5361581154542405,0.13048184360424456,0.14642370279673703,0.21031996726422383,0.22596795202258427,0.23746005029311157,0.22863827581611781
small,63,5,2021-03-01,544,0.4466874266374558,0.10812034908369589,0.12763794914477317,0.1998101999738937,0.22455658053029134,0.24367974375303253,0.2514898830199433
small,63,5,2021-04-01,545,0.32945902840596947,0.07723573274553526,0.0814048520911301,0.09934392123386811,0.11690570983665448,0.13363779831940278,0.14103079299817936
small,63,5,2021-05-03,546,0.5809307465292382,0.11188945309999146,0.11201684463333583,0.13769566301328462,0.15656520619007255,0.17351720542009147,0.19379318250146652
small,63,5,2021-06-01,548,0.5213648620134331,0.10010446601557108,0.10153864607819403,0.11982515306364827,0.13155668157876343,0.14253612276739433,0.15182103097565638
small,63,5,2021-07-01,550,0.5276863274875369,0.08373733244245515,0.09806616996062266,0.14172859248617958,0.1632176735464486,0.18174804117607876,0.19987662075931925
small,63,5,2021-08-02,553,0.3090123170341106,0.10119111199460633,0.09382948584882563,0.11670117393931816,0.1329060889616719,0.14863126625946804,0.15831231759082262
small,63,5,2021-09-01,555,0.4925782494423396,0.09568180442889344,0.07354737977368754,0.11329630231797976,0.12740560393981828,0.14293128737368696,0.16060704592507324
small,63,5,2021-10-01,562,0.5121044116617857,0.060089211215103265,0.1005426216519787,0.11844310058454867,0.12839154935127786,0.13580542224324033,0.14024897113613397
small,63,5,2021-11-01,565,0.5214728536632002,0.1005305273051062,0.1083525859352407,0.14803133363343363,0.16011958990885067,0.1704925064588845,0.18638215922811482
small,63,5,2021-12-01,566,0.6031519522143945,0.12284064086976648,0.109738878878321,0.1764331179922641,0.19750895321813908,0.21036953682669368,0.22361669626056677
small,63,5,2022-01-03,569,0.5707386474875534,0.1037057822030374,0.1101992483244948,0.17299001520061874,0.19360524958602077,0.20905111026455822,0.22792045835004535
small,63,5,2022-02-01,572,0.5289038880237105,0.1390697168734603,0.1749229209404158,0.17601375273740105,0.19057220898877014,0.20545825288723207,0.2227241353890006
small,63,5,2022-03-01,572,0.5205101228787277,0.137750050866929,0.11531486651528836,0.13888218024369436,0.1564914637039541,0.17946772082964038,0.21877547345936135
small,63,5,2022-04-01,573,0.38161807443549045,0.1171414856500039,0.12975041258030254,0.1724023388931359,0.18646803900887216,0.19960242617625037,0.22006677299125763
small,63,5,2022-05-02,573,0.4232097165590015,0.09538924395160671,0.13415113003694593,0.20245510773850636,0.2246975406195724,0.2436784324705777,0.2967132175131702
small,63,5,2022-06-01,573,0.3767489124284009,0.19397021887914284,0.2235333676672801,0.2352915986803985,0.2499069290792569,0.2653368156948564,0.2939398879244717
small,63,5,2022-07-01,574,0.43475915798834813,0.12102797528107045,0.11754872998627103,0.1305389289975403,0.137884053438821,0.14910517847469018,0.18610688693880628
small,63,5,2022-08-01,574,0.4626971162023208,0.12236856954858652,0.12930364389561183,0.12879786452103728,0.13745853581046238,0.1497714791853964,0.1884550322312831
small,63,5,2022-09-01,574,0.5956393431095894,0.13660518271796826,0.1648772871970726,0.18782201886468264,0.2078466277723053,0.22562939602195906,0.2725532017451371
small,63,5,2022-10-03,574,0.42695964858147856,0.17386168901625396,0.15830719434602286,0.19732907062031305,0.21294536881428772,0.23012549782056865,0.2608890957737371
small,63,5,2022-11-01,574,0.5231213428202086,0.1735909522945983,0.13792998564315428,0.1652950853617978,0.18839377040249503,0.2170059012541164,0.2980437001932398
small,63,5,2022-12-01,574,0.667472504677938,0.1389007574543735,0.12767393556060397,0.14251799860482875,0.15335349060176579,0.1639553580150324,0.2010751307397144
small,63,5,2023-01-03,574,0.6251169808289739,0.13713196027081087,0.11743620426495721,0.1386407649212796,0.14707533900782016,0.15491176891017283,0.17833739964074646
small,63,5,2023-02-01,575,0.6463727786598152,0.11044559736923668,0.11832787264995917,0.12581801661306097,0.13672302842345138,0.14650446409100734,0.1851299175553095
small,63,5,2023-03-01,576,0.6003357314625731,0.15070602957762153,0.17162441137825998,0.21805056413280424,0.232055140765032,0.24149637770627297,0.25203117088124427
small,63,5,2023-04-03,577,0.5702741761969228,0.09951701854641407,0.0999198209632185,0.1074649873041639,0.12064976096467739,0.1342050265443307,0.15752739840606939
small,63,5,2023-05-01,577,0.6242425069068969,0.08140820944799837,0.0949479732426113,0.09893887539690385,0.12206201889020053,0.14268909840852778,0.18301370671351397
small,63,5,2023-06-01,577,0.6282344528305245,0.1312331732678115,0.14256118741747453,0.166751584545619,0.17973237955866317,0.19037671202148365,0.2259503919415293
small,63,5,2023-07-03,578,0.7077805992092298,0.0791140438706731,0.08467266177559991,0.10262191421451992,0.11499902545552396,0.1228154562300848,0.15068669803001544
small,63,5,2023-08-01,578,0.6859873535424631,0.09939212232820104,0.0919421172047063,0.10419216648882952,0.10867136636944555,0.11147106512240729,0.11794155174396616
small,63,5,2023-09-01,579,0.6036900229347988,0.12017136181584817,0.10212685074073219,0.13156377571901395,0.13809850698115472,0.1430417774540112,0.1484935015315264
small,63,5,2023-10-02,582,0.5227911391624028,0.1201687405320153,0.12976748899987242,0.1593344421055127,0.1701993213636039,0.1780031839685269,0.1823710654432387
small,63,5,2023-11-01,582,0.5494060120859993,0.10366952260358836,0.13687098450989862,0.21089007969094611,0.23585068199045148,0.25333512107646383,0.267987219302373
small,63,5,2023-12-01,583,0.6438061703699335,0.12011304066791027,0.09804757923213142,0.12911255999988705,0.15022622147123843,0.16621004121626684,0.21539786045593148
small,63,5,2024-01-02,585,0.679088051032223,0.11428267920483262,0.12950650447817122,0.13375700476588645,0.14635493645272218,0.15688529166607632,0.1922978612862503
small,63,5,2024-02-01,586,0.6464989838568362,0.09654733158427077,0.09746459966963836,0.15124066677816425,0.16738292953514214,0.18113069680251198,0.21640233477488283
small,63,5,2024-03-01,587,0.6289492564469626,0.09765423044353735,0.07028251192255994,0.09679879213446398,0.11199540022304781,0.12448470507012477,0.15672101200151856
small,63,5,2024-04-01,587,0.6432315967428912,0.0869984361324596,0.1060331386436152,0.13941193551910047,0.15270833817903418,0.16244664362890457,0.18219988392935704
small,63,5,2024-05-01,588,0.6351294893549806,0.08899193786380079,0.10562429269107551,0.10754999801279133,0.11537870197833594,0.12137858251502304,0.13196139339923502
small,63,5,2024-06-03,588,0.6504372337564365,0.07160497382172398,0.08935987691944842,0.12059657779407564,0.12764405072271515,0.13189626845206184,0.13841541878051575
small,63,5,2024-07-01,588,0.6561197034993951,0.09353096119516774,0.11872794303960651,0.1995987498195553,0.21767710380410107,0.22773140830258354,0.24115428341307085
small,63,5,2024-08-01,588,0.6194107139232349,0.13633234881790104,0.15186239146597053,0.22107108681420456,0.23874423892159077,0.24971201290943904,0.26705653732606105
small,63,5,2024-09-03,588,0.5622518490911554,0.08203287727976703,0.09568230921195543,0.11944059763623585,0.13525199713715164,0.14839512376912742,0.16443418967387916
small,63,5,2024-10-01,590,0.5914952105739708,0.08901971924952279,0.08577595029368099,0.11309641312467862,0.1262281246951325,0.1366653905087485,0.14950264129228527
small,63,5,2024-11-01,591,0.5880600404286126,0.08544833154478731,0.1465991565229341,0.20618339994223533,0.22783246639336835,0.24201562240454003,0.2549028744669374
small,63,5,2024-12-02,591,0.5687078276046182,0.1027062780939094,0.10553513609800481,0.136561170026305,0.14747647716070866,0.15536985735648065,0.1617674647563764
small,63,5,2025-01-02,593,0.5728618962936853,0.14426780255452315,0.11628614274855256,0.1420507367027861,0.148117657810298,0.15304928723620234,0.1567219533874522
small,63,5,2025-02-03,594,0.6134848834431966,0.10504419801139446,0.12903006194932592,0.15468667104084086,0.16093561264832965,0.16523326243567477,0.1695133249421121
small,63,5,2025-03-03,594,0.5736632162966444,0.11984684262035641,0.14368149518840495,0.16033595490229816,0.17105960672155981,0.1794492043736037,0.19384665595667283
small,63,5,2025-04-01,594,0.5102960350545678,0.28231161768959384,0.3171210128324298,0.39123298521873023,0.42232402422419735,0.44601206040512664,0.4788972041410384
small,63,5,2025-05-01,594,0.6254268617478993,0.15903232385574967,0.15385516145811176,0.16077940844015692,0.16860532260006417,0.18269161682004018,0.2377048373019546
small,63,5,2025-06-02,595,0.67258766468102,0.1691896463710112,0.1285693244466019,0.12563563522892698,0.1269524549108279,0.1326249994835347,0.17116507557673694
small,63,5,2025-07-01,595,0.6538277222900771,0.11986919429020132,0.12001460544440373,0.1339605235584953,0.14192470637882038,0.14954293700688684,0.18830698751207312
small,63,5,2025-08-01,595,0.633877434326885,0.10524467987154928,0.12490144671948415,0.15328406257120877,0.17061384561932244,0.1835404919157823,0.21338248752310138
small,63,5,2025-09-02,595,0.6896090999643624,0.08391551760419294,0.0867052394346372,0.11847243316166099,0.13092091711492282,0.13826879123378666,0.153099431020131
small,63,5,2025-10-01,596,0.6803483423410226,0.10594905989233751,0.11955795258351655,0.14532870546421067,0.15903231196190823,0.1670896708627407,0.18317999588771533
small,63,5,2025-11-03,596,0.6754495537378219,0.10392176551836198,0.11240519244387036,0.159709250798893,0.18198115610402338,0.1954238593030741,0.22521974684540064
small,63,5,2025-12-01,596,0.5382290662589395,0.07811511039673906,0.08269356117204416,0.09397477873558494,0.09981520170688712,0.10457623475657345,0.11418005671977959
small,63,5,2026-01-02,596,0.530821944386807,0.07464513234564152,0.0959527134069888,0.13469633649146687,0.15124963061288188,0.16278839871885895,0.17186786568812537
small,63,5,2026-02-02,596,0.5634913252388324,0.0817119436785241,0.10091478035888238,0.13295342168302307,0.14631786537232883,0.1562834281401412,0.17559271218340414
small,63,5,2026-03-02,596,0.5214203862487908,0.13391315693280872,0.13608401905413742,0.16473385898127355,0.1762247963565544,0.18484759900050649,0.19486735346679626
small,63,5,2026-04-01,597,0.5111823493686465,0.08901582853492104,0.05749048570474895,0.08017134717280923,0.09784018506949077,0.11458860919128916,0.12591079944798966
small,63,5,2026-05-01,597,0.5228381754437048,0.1092446625463584,0.11162589722713392,0.11409731089906734,0.12424406193311896,0.13648880407517427,0.14610068820809205
small,63,5,2026-06-01,597,0.5069380788949773,0.14561386147001565,0.1220670559173016,0.12586080352018003,0.1322213682949857,0.1406019447219976,0.14597376318895053
small,63,5,2026-07-01,598,0.2732221200090787,0.02941684166674982,0.04591517804031719,0.011822694415898963,0.0039443156609272854,0.004451624306956234,0.004436932822536022
small,252,5,2019-02-01,503,0.44427180998347804,0.07809741707133201,0.09766476570419874,0.0768263356839821,0.07515095974758992,0.0759964838238198,0.08934393355492362
small,252,5,2019-03-01,506,0.533662490765227,0.057179144910561745,0.08755745430380402,0.10779168740969895,0.12990454469644988,0.1475611713855285,0.16867047425902856
small,252,5,2019-04-01,507,0.4176961165258131,0.07496741765586214,0.0628432647413095,0.0788289337283212,0.08955345338360232,0.10284953748055281,0.10578726580190799
small,252,5,2019-05-01,508,0.5672623110120408,0.08911752043069471,0.06658931943758836,0.10856789682750806,0.1229101914663256,0.13786655510883564,0.16544721835347517
small,252,5,2019-06-03,512,0.5479720614861114,0.10457884082050246,0.08009531551896694,0.09908860786263943,0.10752325501710386,0.12034203447525801,0.13435805095518086
small,252,5,2019-07-01,513,0.5213198040040072,0.06589295846118895,0.06452961673590678,0.080102872589679,0.08980041877710132,0.10031655054631473,0.1168614416657951
small,252,5,2019-08-01,513,0.452540502833005,0.10815382599183558,0.09539726066798061,0.14514231347931428,0.16302079734567537,0.182691940976711,0.2178975035178414
small,252,5,2019-09-03,516,0.4827494855051367,0.06419357127464002,0.07518466986053006,0.07243119736064893,0.08710718449105914,0.10567570686585764,0.15015681082988538
small,252,5,2019-10-01,517,0.48887234070868346,0.07271313583696803,0.07531364293520178,0.07549824107977902,0.08439250100727397,0.09642594059561312,0.12597301680183676
small,252,5,2019-11-01,519,0.5527914620845045,0.07370304753857465,0.0740829478185687,0.06652943363269273,0.0678972241638722,0.0722169473931031,0.09357365033627194
small,252,5,2019-12-02,521,0.5639310880418782,0.08299470896958237,0.06902126200963508,0.06299177951805725,0.058376202000835826,0.05770178213103081,0.07220275632451388
small,252,5,2020-01-02,521,0.5743501186528824,0.06797805543275187,0.054135120721115454,0.09438161412350901,0.10397490064328277,0.11176139004651293,0.12639522477754386
small,252,5,2020-02-03,521,0.6022519497047433,0.2634867085892154,0.19360255394707276,0.2357167001904688,0.23854332946621934,0.24205506985846661,0.25450552807614996
small,252,5,2020-03-02,521,0.5299907040967844,1.2149485137633265,1.0398230078098578,0.995854070324592,1.0213576210004578,1.0453780565402027,1.0852821514778193
small,252,5,2020-04-01,522,0.4491208822657543,0.2600685227683874,0.23905361229789346,0.3533664714181074,0.40460534404653686,0.4609363484330341,0.5484551117596838
small,252,5,2020-05-01,524,0.5107507096360338,0.16107567207024287,0.1469455526555917,0.1899682117620076,0.2452211252262534,0.30585013100064656,0.4232704336389271
small,252,5,2020-06-01,525,0.4932384208038464,0.1706108045186607,0.1860212776097509,0.22264997314503726,0.2578512811091493,0.3014109485005864,0.4329879871745705
small,252,5,2020-07-01,527,0.47171233686449787,0.14399373702417576,0.1423778826974427,0.14415500798921554,0.14727804246425405,0.15787028788085772,0.2201117835025546
small,252,5,2020-08-03,527,0.4801274761878244,0.07761710864842158,0.11563693914078667,0.07826529560824011,0.07881849449437492,0.08188637022569922,0.13808606850537974
small,252,5,2020-09-01,527,0.4768256510450722,0.13215119341040457,0.1269862594610662,0.189050061293454,0.20545860130235424,0.22123399304827182,0.23384703069400453
small,252,5,2020-10-01,528,0.4283788416570362,0.133885186414152,0.11810095359783424,0.1602523263333932,0.16734489435043579,0.17573972253628775,0.20837998712759478
small,252,5,2020-11-02,530,0.3593442080145629,0.13028354320394248,0.17889014546840745,0.14520607027003096,0.15043492183374188,0.15616191351933179,0.24835149092610337
small,252,5,2020-12-01,530,0.1881207440845102,0.11748978229507338,0.12380303666171476,0.11052829235618837,0.11437853096206375,0.12151278847706672,0.13394413923477333
small,252,5,2021-01-04,530,0.18521165899889092,0.216285371876379,0.19785170264081428,0.16533910997148454,0.1702919349271157,0.18446180210729496,0.2087850868820501
small,252,5,2021-02-01,531,0.17491944691809153,0.1328673412849863,0.15136729806461793,0.15722145427437523,0.18157149160562813,0.20571089622541128,0.20769804037698333
small,252,5,2021-03-01,532,0.23368982041419661,0.1122659687510728,0.12592426151491432,0.1696707607509016,0.2017594783086352,0.22715757077410556,0.2352291941263123
small,252,5,2021-04-01,532,0.5111119466798906,0.12529182851539974,0.12268520336687072,0.0822059712728047,0.09387291578397176,0.11210306129262339,0.13922969132317647
small,252,5,2021-05-03,533,0.6266837751913578,0.10251637746409799,0.09420858743863397,0.12675655496333946,0.14550601562107662,0.1608363617160574,0.19843549169066513
small,252,5,2021-06-01,533,0.59518476513941,0.10702401219059349,0.0767101261328214,0.10269047918439746,0.11477773324690087,0.1268209391701493,0.14845022368711597
small,252,5,2021-07-01,534,0.5755701931043302,0.09679033477175651,0.08552648185227538,0.10828730429067579,0.1312887397243825,0.15316859579936284,0.19515295119010467
small,252,5,2021-08-02,535,0.4980131634745945,0.1254869334335484,0.11019465366404561,0.10024746334196595,0.10570551697239255,0.11802013516734947,0.15533869440598871
small,252,5,2021-09-01,538,0.4960906958485243,0.11454551064416363,0.10469619930514502,0.09825534888751657,0.10888072168877869,0.12428388097011653,0.15576812849454677
small,252,5,2021-10-01,541,0.4894797110731173,0.07196375434609201,0.0984306751956248,0.0984581501585608,0.11234466281962524,0.12511145368428137,0.1356622878093714
small,252,5,2021-11-01,544,0.4775080767822439,0.10480963330724063,0.11563711759994413,0.1334159516840426,0.14011636379376333,0.14800714944284607,0.17212335293490402
small,252,5,2021-12-01,544,0.19043656281861307,0.11006766009283422,0.07427798770087818,0.11984721039598677,0.1293993063145948,0.14452804468276645,0.15938974783138424
small,252,5,2022-01-03,545,0.271070203235442,0.09497510099679449,0.12817235445535613,0.13448385762294773,0.15041443012747635,0.16888222184371626,0.18579217744814436
small,252,5,2022-02-01,546,0.21786400359898792,0.13383087029398338,0.11408374826115983,0.12787324199706457,0.13495078306089545,0.15187314586305115,0.17755391573385015
small,252,5,2022-03-01,548,0.16255781305078593,0.18172419203445886,0.11199808475655287,0.13687778931026856,0.13119005576658468,0.14452002116277576,0.1579738033231876
small,252,5,2022-04-01,550,0.1198830105886457,0.14892991691495547,0.12356665884376941,0.1519635318253121,0.1523289779362745,0.15729030432858612,0.16545709989800284
small,252,5,2022-05-02,553,0.14233398477355402,0.14472662682028384,0.14503379504043473,0.16890511263672697,0.17894153897691856,0.1947167573621233,0.21509053284824164
small,252,5,2022-06-01,555,0.15021357702536853,0.22093414720439208,0.19506018779917586,0.21252709659691257,0.21750648720183816,0.22634122955067623,0.24639152446276064
small,252,5,2022-07-01,562,0.19956243375283594,0.13807508595233348,0.12147388723793318,0.12841759852815052,0.12665248121795042,0.1271708243509957,0.1441398096993354
small,252,5,2022-08-01,565,0.1558663282276231,0.11094678018334346,0.13869371885622042,0.10971492259374865,0.11098547361759606,0.11670550388922049,0.13889552857767867
small,252,5,2022-09-01,566,0.1982908406338963,0.1333708320976264,0.12635169276311228,0.15043192795349128,0.16651049133116058,0.18475739345848477,0.21942515548544492
small,252,5,2022-10-03,569,0.19197107902959135,0.16946364020859714,0.147164545765206,0.18420237044310386,0.1941864651310213,0.2060024571486636,0.22522769925303626
small,252,5,2022-11-01,572,0.15056801974052259,0.14923512564772046,0.1621296006666969,0.13171010234994546,0.1414170786788335,0.16216691716393755,0.19898050656709823
small,252,5,2022-12-01,572,0.13341724718503248,0.1280153188905637,0.11782404116754959,0.11549873403764586,0.12180860618314482,0.13284698546084367,0.14733452705963754
small,252,5,2023-01-03,573,0.09222110217953725,0.13744578075510264,0.11538463350537047,0.1187667380569382,0.12111904926278447,0.12732966306055504,0.1325157113366268
small,252,5,2023-02-01,573,0.09061025180561537,0.09788229280505314,0.10585219975371744,0.0926038214426007,0.09783137701286355,0.10851329118414002,0.11656133403056544
small,252,5,2023-03-01,573,0.11211487597750623,0.14893328406677703,0.1209140445647836,0.1656045702347986,0.1825663549056377,0.2022550166087734,0.21623966176850318
small,252,5,2023-04-03,574,0.1880405932120249,0.1141267536520042,0.1204523543437105,0.08282072958753556,0.0934397651339587,0.11036874476662697,0.12363828651522232
small,252,5,2023-05-01,574,0.2641649595656671,0.1294126384294518,0.11630017133991807,0.06586664019593257,0.08785391117528928,0.12013678271335101,0.1549391093203567
small,252,5,2023-06-01,574,0.30773953653679953,0.10457585758615484,0.10095574362382859,0.13585493373312177,0.15522178627919955,0.17611719972214013,0.210186511215653
small,252,5,2023-07-03,574,0.3998623814361955,0.08562006948982959,0.0769471279665866,0.07097588421217653,0.07259307806044507,0.08109958085448392,0.11632079971705554
small,252,5,2023-08-01,574,0.3678976192285313,0.0816639078714509,0.08947384578989216,0.07613264533730002,0.07678396268901685,0.08131337915834823,0.09637714407882483
small,252,5,2023-09-01,574,0.4638457535729075,0.07469163510113479,0.11821291138397937,0.11097453581010563,0.12116657500412177,0.13146849378334438,0.14117569311501024
small,252,5,2023-10-02,574,0.49928783806750143,0.12894349159407437,0.11958687334084958,0.1259885947273612,0.13348336872096717,0.14461839898730333,0.17020892987359562
small,252,5,2023-11-01,575,0.6169131761639035,0.0921129457907261,0.0990026773191694,0.14240797175739087,0.17031313097428127,0.19445139005453857,0.25950911266648924
small,252,5,2023-12-01,576,0.4893017611351701,0.13561895951122316,0.10725695563760815,0.10747495496848136,0.11854305336505266,0.13775596632991274,0.18623563525540182
small,252,5,2024-01-02,577,0.5349073612476348,0.10208087068152312,0.12425486648443228,0.1272022143469345,0.13642314912590012,0.14632105039563084,0.1758671894738787
small,252,5,2024-02-01,577,0.5313849146928155,0.0901965356709579,0.11513022869487352,0.1331868497708502,0.15091463766215987,0.1681445521610484,0.20288290428704
small,252,5,2024-03-01,577,0.5591928764909875,0.09855371516098277,0.08421588595039224,0.08379681988351839,0.09443980377825592,0.10615150374111107,0.14294843838559007
small,252,5,2024-04-01,578,0.5660275999410179,0.10859407227344839,0.1178663518016628,0.10931973335106375,0.12157412693533497,0.134787516179823,0.16955969265843562
small,252,5,2024-05-01,578,0.5365190389540258,0.09555049912321054,0.10944349338482315,0.08931594053408319,0.09489499634601789,0.10236259443278041,0.12225921981991718
small,252,5,2024-06-03,579,0.62108519640643,0.0706469801392298,0.07586774409529143,0.08284294295604981,0.09984739122095507,0.11152226178822558,0.1326617236741394
small,252,5,2024-07-01,582,0.6541425322721341,0.09819578134326619,0.1285081423092014,0.15209730965310445,0.1767365313442107,0.19366081786412453,0.2344401521587777
small,252,5,2024-08-01,582,0.604087083407908,0.12225775780009339,0.10664876213860688,0.17543129962040976,0.20096033862289525,0.223653685650499,0.25570942849699
small,252,5,2024-09-03,583,0.5268071171744283,0.08255644858517071,0.09559237213290833,0.10229231358896981,0.11923473284860367,0.13648417985136305,0.15942692442930678
small,252,5,2024-10-01,585,0.61558702599025,0.0823495657563797,0.11061421553614052,0.10045726628486844,0.112868647414074,0.12400947498931987,0.1475627810553729
small,252,5,2024-11-01,586,0.6269640149890123,0.09407160426542356,0.11556013000420853,0.2092151116309141,0.22656888478311535,0.23920953300857004,0.2573746689507997
small,252,5,2024-12-02,587,0.5207180685036813,0.09880808308842694,0.08194246127260686,0.1095241878093284,0.12393321148298386,0.13797631007395209,0.15613393922377108
small,252,5,2025-01-02,587,0.47671954701164726,0.13868241161111913,0.07653207292545104,0.13130075338703168,0.1378286701421957,0.14540010754790078,0.15262145076371147
small,252,5,2025-02-03,588,0.4746774883387245,0.10565016225241784,0.12363261373891002,0.1214496925427833,0.1323224371982496,0.14294531218938827,0.15994291264641783
small,252,5,2025-03-03,588,0.3972614780695955,0.13019466855590392,0.14806470532526264,0.13278279786327854,0.1443350102904744,0.15783443319720444,0.1794546150412335
small,252,5,2025-04-01,588,0.41178013691335463,0.3238758252568285,0.29899267542878877,0.3553826582120082,0.3838297085103051,0.41321248557560153,0.46805711603024086
small,252,5,2025-05-01,588,0.31106732508488805,0.1619865327084688,0.11270099707817158,0.13359647441291747,0.15069589042893355,0.1740604245706308,0.20543706374170886
small,252,5,2025-06-02,588,0.35445918165385626,0.12948965135273227,0.0850205607975623,0.08923016961762784,0.10654936016177924,0.12834812346304333,0.15224813012290023
small,252,5,2025-07-01,590,0.38155082933142376,0.08178491744765283,0.07911309773534463,0.10966179962569994,0.12619494732695768,0.14432648594737105,0.1707232722594343
small,252,5,2025-08-01,591,0.31342537848389973,0.11258972001327552,0.11417068676236392,0.1228584833622969,0.13920181457417177,0.159309667641535,0.18866072002435638
small,252,5,2025-09-02,591,0.38028206628443295,0.10118176489601367,0.1067897633043813,0.11389678431535376,0.12047504223921364,0.12819006670691654,0.141279856493431
small,252,5,2025-10-01,593,0.33145814150149616,0.13675905242000982,0.10211245622411608,0.09685184128745064,0.10914702105035827,0.1251251159197017,0.1503841672464907
small,252,5,2025-11-03,594,0.31665484920094966,0.1084883443810524,0.1158835542418249,0.11838137804816083,0.13616114971220317,0.1566598255058191,0.1894194435547051
small,252,5,2025-12-01,594,0.4592304905859995,0.07229933002442024,0.06572133072161274,0.08296488881137115,0.08963542024739919,0.09481717332587339,0.10594068989763791
small,252,5,2026-01-02,594,0.5444910148407623,0.0978273297843942,0.10635839606149647,0.10164485964014199,0.11589160761107858,0.1292942110225207,0.16182759864332982
small,252,5,2026-02-02,594,0.5743763925349162,0.13711252234533605,0.15474937567668406,0.07454022240910418,0.09413684892117091,0.11255911340982142,0.15754749991297254
small,252,5,2026-03-02,595,0.4740043534720943,0.1487001231703246,0.08798413986526467,0.12464522580732731,0.1283318959318612,0.1381537117107362,0.17339534573021376
small,252,5,2026-04-01,595,0.5607543665116248,0.11033005424983729,0.10675298247864433,0.08959418732699558,0.09175601367716214,0.09885011080155813,0.12589371814900435
small,252,5,2026-05-01,595,0.45489232356772985,0.1281113953761152,0.13423103988839544,0.10148494668437523,0.1019036860779096,0.11434807746155358,0.1342076620915883
small,252,5,2026-06-01,595,0.32018317716705114,0.12044744553783109,0.09448054028386257,0.11849456730182104,0.12014736320180797,0.1252206725880307,0.1303393493237419
small,252,5,2026-07-01,596,0.21036601989235873,0.12728059441543824,0.08047146899089341,0.07869481634890077,0.0636084992995274,0.04692416825755682,0.04036243136873903
