date,n,p,p_over_n,psi1,psi2,psi3,psi_med,eigengap,vol_pca_unconstrained,vol_jse_unconstrained,delta_unconstrained,vol_pca_long_only,vol_jse_long_only,delta_long_only
2015-01-02,252,369,1.4642857142857142,0.9958524617380986,0.9725006899462914,0.9620551599917524,0.9725006899462914,0.8473910958759447,0.138526976895989,0.13851865572862734,-8.321167361657889e-06,0.15578105061942418,0.15564767083466113,-0.00013337978476304913
2015-02-02,252,370,1.4682539682539681,0.9961722626111883,0.9771219714461001,0.9635105104204956,0.9771219714461001,0.8310772702614204,0.11070658930321782,0.11281150147411409,0.00210491217089627,0.08707254837359986,0.08708344676371586,1.0898390116004242e-05
2015-03-02,252,370,1.4682539682539681,0.9959538530221529,0.9782489918954029,0.9684204868774648,0.9782489918954029,0.8123140307894257,0.10291783989549087,0.10221948930132821,-0.0006983505941626639,0.13571053733010216,0.13571151887683564,9.815467334750583e-07
2015-04-01,252,374,1.4841269841269842,0.996113502090681,0.9784818472516412,0.9705057256356073,0.9784818472516412,0.8177755639962401,0.08341610561627028,0.08423110387016856,0.0008149982538982886,0.08264325042089736,0.08265387850372892,1.0628082831559693e-05
2015-05-01,252,376,1.492063492063492,0.9958213778229069,0.9803341019892824,0.9696397542556237,0.9803341019892824,0.7858576687652329,0.07070324692946521,0.07133704152070697,0.000633794591241757,0.08447301386723528,0.08445003748139696,-2.2976385838327507e-05
2015-06-01,252,376,1.492063492063492,0.9958329577616234,0.9811648103669773,0.9681729992323072,0.9811648103669773,0.7771249312499865,0.10443673231415042,0.10523376575349469,0.0007970334393442718,0.1047413732469289,0.10467744802537716,-6.392522155174163e-05
2015-07-01,252,377,1.496031746031746,0.9960716436921578,0.9820136259551456,0.9690086525864867,0.9820136259551456,0.7800435303563004,0.05986712019694251,0.06055811045359378,0.0006909902566512721,0.09166358827222462,0.0915511436166653,-0.00011244465555931837
2015-08-03,252,378,1.5,0.996058629458058,0.9826183495036642,0.9685348634080098,0.9826183495036642,0.7717081405656817,0.2141538793918506,0.2128617529764464,-0.0012921264154041878,0.24664318853019054,0.24651453846631446,-0.00012865006387607902
2015-09-01,252,378,1.5,0.9969255294204059,0.98450589241781,0.9697856365015585,0.98450589241781,0.8003298009735944,0.1319938348391962,0.13365241382095208,0.0016585789817558927,0.1708843636511802,0.17079715398613488,-8.720966504532912e-05
2015-10-01,252,380,1.507936507936508,0.9971271507359756,0.9846618984090447,0.9676629862367585,0.9846618984090447,0.8115221091092575,0.1481108667934806,0.1527410282522088,0.004630161458728216,0.12195325311330414,0.12185270966129162,-0.00010054345201251924
2015-11-02,252,381,1.5119047619047619,0.9967679750091615,0.9850548502474124,0.9656386391836093,0.9850548502474124,0.7824648055989342,0.12739207130391592,0.13081196304979745,0.0034198917458815314,0.11520723162527277,0.11520814751880737,9.158935345976449e-07
2015-12-01,252,381,1.5119047619047619,0.9967746878127435,0.983568700822795,0.9672787967217632,0.983568700822795,0.8024023978047193,0.13327047157960267,0.13825340137214634,0.004982929792543667,0.1634695562355912,0.16336478607391278,-0.00010477016167842468
2016-01-04,252,385,1.5277777777777777,0.9967706914007406,0.9844850089035987,0.9669987167081135,0.9844850089035987,0.790570242761166,0.14332959075912155,0.15515110688567954,0.01182151612655799,0.18724083917167814,0.1870213133948219,-0.0002195257768562442
2016-02-01,252,387,1.5357142857142858,0.9968920341337801,0.9850942084529114,0.9669422494981179,0.9850942084529114,0.7902535306054791,0.23113475102495024,0.24881352260982323,0.017678771584872993,0.14660775592594244,0.14639642134552486,-0.00021133458041758257
2016-03-01,252,387,1.5357142857142858,0.9970776461036515,0.9852666959098724,0.9657142002847503,0.9852666959098724,0.8004697491563639,0.11338705842501683,0.11968331582547394,0.0062962574004571115,0.07887681834704785,0.07877890200494937,-9.791634209847799e-05
2016-04-01,252,389,1.5436507936507937,0.9970381098720699,0.984843355504993,0.965637691663563,0.984843355504993,0.8033807682169647,0.1262260552255828,0.1294513865819015,0.0032253313563186947,0.0942059598466008,0.09415949705669463,-4.646278990616537e-05
2016-05-02,252,389,1.5436507936507937,0.997064680921002,0.985014618503353,0.9667735825955093,0.985014618503353,0.8029320788243505,0.09695001918499718,0.0994927071468486,0.0025426879618514198,0.08696647646091439,0.08691486247636157,-5.161398455282018e-05
2016-06-01,252,393,1.5595238095238095,0.9970672210649136,0.9851675162028365,0.9684100042653216,0.9851675162028365,0.8010880069253201,0.12907844943299174,0.13242127218862534,0.0033428227556336065,0.1586430569115378,0.15850641378782432,-0.00013664312371347576
2016-07-01,252,396,1.5714285714285714,0.9973270827539755,0.9850031458672771,0.9703804399188103,0.9850031458672771,0.820661580799234,0.12305754466303692,0.1261407279249815,0.0030831832619445665,0.0675666254597581,0.06756232003825959,-4.3054214985127626e-06
2016-08-01,252,399,1.5833333333333333,0.9972887219744759,0.9848165159926398,0.9720591137565268,0.9848165159926398,0.820310333592877,0.0758854463406156,0.07696955021976039,0.0010841038791447877,0.05881337729854441,0.058809701628629585,-3.675669914826596e-06
2016-09-01,252,399,1.5833333333333333,0.9968379099288867,0.9832155091429391,0.9716418255043333,0.9832155091429391,0.8103123886115926,0.10975342328975636,0.10960269510848156,-0.00015072818127480347,0.14085483036056587,0.14082416492980004,-3.066543076582495e-05
2016-10-03,252,403,1.5992063492063493,0.9967193978456659,0.9834757572051229,0.9729940230746242,0.9834757572051229,0.8001417232079527,0.08524660084735171,0.08661803062557481,0.0013714297782231044,0.06478092796510236,0.06476088552366466,-2.004244143770373e-05
2016-11-01,252,404,1.6031746031746033,0.9967089246251143,0.9827503818259568,0.9744077220598178,0.9827503818259568,0.8078656304694631,0.1392745022510882,0.14095877477531452,0.0016842725242263157,0.09181845381152967,0.09181190928466616,-6.544526863508371e-06
2016-12-01,252,405,1.6071428571428572,0.9965840923444039,0.9832474424110877,0.9752944995093452,0.9832474424110877,0.7947251678195025,0.0806794994982442,0.08150047710339799,0.0008209776051537887,0.07564315272750928,0.07561661740020229,-2.653532730699515e-05
2017-01-03,252,406,1.6111111111111112,0.9963351203847004,0.9814780505701207,0.9755505341274989,0.9814780505701207,0.8006495590903887,0.06351236576350229,0.06388025269009673,0.0003678869265944379,0.06255734317429154,0.0625130746923795,-4.426848191203814e-05
2017-02-01,252,407,1.6150793650793651,0.9957052482916394,0.9806934276804055,0.9749122989578094,0.9806934276804055,0.7758637900816174,0.05137541249215019,0.05164271811815231,0.0002673056260021206,0.052894020099087995,0.05287896222941979,-1.5057869668204382e-05
2017-03-01,252,408,1.619047619047619,0.9951452203379315,0.9808955486618224,0.9747555158621168,0.9808955486618224,0.7440542689773267,0.061370082020045194,0.06188452275674899,0.0005144407367037931,0.06046898166101513,0.06045249874958897,-1.6482911426161928e-05
2017-04-03,252,411,1.630952380952381,0.9949959992324964,0.9813364220745222,0.9713351904136491,0.9813364220745222,0.7300357420849932,0.07618558353639011,0.07658601006761427,0.0004004265312241573,0.07055537512251886,0.07052603512513814,-2.9339997380722904e-05
2017-05-01,252,413,1.6388888888888888,0.9949659459693905,0.9810495108122852,0.9690928639699429,0.9810495108122852,0.7324914888566394,0.06388247970902866,0.06443645289162882,0.0005539731826001565,0.06614776716604383,0.06611222336048667,-3.5543805557161634e-05
2017-06-01,252,413,1.6388888888888888,0.9949006515449198,0.9802487592508068,0.9684695830793487,0.9802487592508068,0.7399110931194097,0.09172033159039202,0.09288492216639081,0.0011645905759987973,0.06406125059239244,0.06406757368031744,6.323087925003135e-06
2017-07-03,252,413,1.6388888888888888,0.9925810269069356,0.9806838599116725,0.9705838283821782,0.9806838599116725,0.6136114239070186,0.07142931238974093,0.07318530020243016,0.0017559878126892359,0.04667512820478426,0.046660685014907576,-1.444318987668669e-05
2017-08-01,252,415,1.6468253968253967,0.9920114736196741,0.9807592221273366,0.9692368788655904,0.9807592221273366,0.5824541257809339,0.059058670985738054,0.06010469878421278,0.0010460277984747288,0.06910737971522789,0.06902030701567566,-8.707269955222918e-05
2017-09-01,252,412,1.6349206349206349,0.992308554736708,0.9805138327083508,0.9698322909525401,0.9805138327083508,0.6029362437515297,0.07539888001716082,0.07701437091488429,0.001615490897723476,0.05486315788681094,0.054837750194347404,-2.5407692463536025e-05
2017-10-02,252,412,1.6349206349206349,0.9908728562043094,0.9791829664856416,0.9694493746598439,0.9791829664856416,0.5589644147988495,0.0484683719937849,0.049355779244518595,0.0008874072507336975,0.037254781823325735,0.03723274313504292,-2.203868828281469e-05
2017-11-01,252,413,1.6388888888888888,0.9904567347770417,0.9776554684433584,0.9677403451275242,0.9776554684433584,0.5701391956308172,0.09369306379991185,0.09528493906249631,0.0015918752625844607,0.06321383399864021,0.06321815094881435,4.316950174138023e-06
2017-12-01,252,413,1.6388888888888888,0.9894134885600493,0.9734758161854358,0.9614398052115786,0.9734758161854358,0.5976499203047735,0.08344124441388757,0.08579111567277124,0.002349871258883668,0.058084473625896874,0.058068717786797626,-1.575583909924766e-05
2018-01-02,252,413,1.6388888888888888,0.9889866425813186,0.975572871004977,0.9579284361453255,0.975572871004977,0.5460728903062946,0.07123236204750774,0.07290495374485814,0.0016725916973504007,0.0656925312395831,0.0656521837922256,-4.034744735750828e-05
2018-02-01,252,414,1.6428571428571428,0.9889771783888707,0.9753683121158306,0.9584147325042247,0.9753683121158306,0.5494112716662941,0.21514154536939503,0.2148073206949531,-0.0003342246744419408,0.22844068239886312,0.22830858605074317,-0.00013209634811994775
2018-03-01,252,414,1.6428571428571428,0.992997278219163,0.9751331317646621,0.9619050364746202,0.9751331317646621,0.7158444712233804,0.12143693232873376,0.1209886504037917,-0.0004482819249420622,0.15699548632255583,0.15672734978935188,-0.00026813653320395536
2018-04-02,252,416,1.6507936507936507,0.9942521389282375,0.9752060263868892,0.960982633948314,0.9752060263868892,0.7659396811079845,0.09645805936858966,0.09912197121242841,0.002663911843838754,0.10757986644141453,0.10747980432096396,-0.00010006212045056417
2018-05-01,252,416,1.6507936507936507,0.9945798606889189,0.9752686460056517,0.9629698551738335,0.9752686460056517,0.7786967383020211,0.09482684653157536,0.09701135985730809,0.0021845133257327315,0.085314283386444,0.0852219271643805,-9.235622206350824e-05
2018-06-01,252,417,1.6547619047619047,0.9945637293214298,0.9744955274092238,0.9628447312351112,0.9744955274092238,0.7846839081607474,0.09996358589275206,0.10535408304014561,0.00539049714739355,0.042809225785285315,0.04273062408070028,-7.860170458503374e-05
2018-07-02,252,416,1.6507936507936507,0.9945311987930254,0.9702150521747046,0.9645933383804699,0.9702150521747046,0.8141243524482644,0.09449534455085348,0.09818250210112613,0.0036871575502726434,0.06436901009598146,0.06441731906267932,4.830896669785756e-05
2018-08-01,252,417,1.6547619047619047,0.9945658385184448,0.968570590542094,0.9648772257554383,0.968570590542094,0.8248162967934489,0.06265360230382347,0.06399749545763211,0.0013438931538086452,0.05953649006907402,0.05948345384506023,-5.303622401379299e-05
2018-09-04,252,418,1.6587301587301588,0.9943874186232079,0.9684843935370566,0.9661433162345355,0.9684843935370566,0.8195675974851004,0.08039557074776256,0.08292620388462064,0.0025306331368580848,0.056185831233867445,0.056221852670112545,3.6021436245099736e-05
2018-10-01,252,421,1.6706349206349207,0.9943030081641308,0.9678692927845463,0.966128156076378,0.9678692927845463,0.8203115312514463,0.15100371026886042,0.1546927496975386,0.0036890394286781814,0.1588192130808132,0.15858952615634067,-0.00022968692447253303
2018-11-01,252,421,1.6706349206349207,0.9954430873250567,0.9727095241185487,0.9670691955859776,0.9727095241185487,0.8310976073809072,0.1296802196124515,0.13112394906321428,0.001443729450762793,0.12428038813683058,0.12411806597386033,-0.0001623221629702548
2018-12-03,252,424,1.6825396825396826,0.9957219666843786,0.9735494342416897,0.9640761321939383,0.9735494342416897,0.8364459793031649,0.18966355979524513,0.19034723450375343,0.0006836747085083028,0.22253076939577857,0.22239630309248176,-0.0001344663032968041
2019-01-02,252,423,1.6785714285714286,0.9965920477449614,0.9751529982481058,0.9635832001118009,0.9751529982481058,0.8613537569626734,0.15150616517041854,0.15328835386998213,0.0017821886995635916,0.13206531988750544,0.13197271871026053,-9.26011772449109e-05
2019-02-01,252,423,1.6785714285714286,0.9968742473980015,0.9754500150121596,0.9647022762365123,0.9754500150121596,0.871297186322264,0.0948320095610497,0.0963776979955344,0.0015456884344847016,0.05932351172701285,0.059282939626908934,-4.057210010391388e-05
2019-03-01,252,424,1.6825396825396826,0.9964021306355767,0.9730842969926334,0.9644165149080836,0.9730842969926334,0.8647485133887824,0.07457316168661338,0.07555186500765974,0.0009787033210463675,0.09146354774543651,0.09137549667129856,-8.805107413795144e-05
2019-04-01,252,424,1.6825396825396826,0.9962645678314016,0.9726940735219077,0.9656793885425502,0.9726940735219077,0.8615661502321383,0.11461789853501346,0.11687821699770568,0.002260318462692215,0.0686645714390318,0.0686526339741748,-1.1937464857003643e-05
2019-05-01,252,423,1.6785714285714286,0.9959819079782455,0.9728182585988632,0.9654207966855874,0.9728182585988632,0.8504411476210973,0.08897356593988909,0.09020490417537705,0.001231338235487961,0.09856361599331591,0.09847485985686366,-8.875613645224767e-05
2019-06-03,252,424,1.6825396825396826,0.9962500965899848,0.9733310592729353,0.9663188186438418,0.9733310592729353,0.8577575205923545,0.11325051621561306,0.11471015648239956,0.0014596402667864938,0.09067011422730069,0.09067320867262349,3.0944453228015645e-06
2019-07-01,252,425,1.6865079365079365,0.9964061522841732,0.9759773986882873,0.9665435543416595,0.9759773986882873,0.8488505526242888,0.1101257640699491,0.11203818186557131,0.0019124177956222066,0.07342756578992823,0.07341938705955103,-8.178730377200738e-06
2019-08-01,252,426,1.6904761904761905,0.9964332812678804,0.9766402208834766,0.9669975363132455,0.9766402208834766,0.8457847565931488,0.14124430330945456,0.14044840776250292,-0.0007958955469516416,0.18212955194713,0.18201204186051964,-0.00011751008661034512
2019-09-03,252,429,1.7023809523809523,0.9968850068626122,0.9765951006592302,0.9661272351437228,0.9765951006592302,0.8655423061502363,0.09399252646409237,0.09545407879019298,0.0014615523261006097,0.07232158153545046,0.07228253885775757,-3.904267769289094e-05
2019-10-01,252,430,1.7063492063492063,0.9969389765630413,0.9783760973615474,0.9670637130833607,0.9783760973615474,0.8571143828485132,0.10175745544495758,0.1022021344051274,0.00044467896016982256,0.1064056057590321,0.10636145431091598,-4.415144811611982e-05
2019-11-01,252,431,1.7103174603174602,0.9968112648868012,0.9798026897960714,0.9646633706108932,0.9798026897960714,0.8407644557946166,0.09726014057283712,0.098813699757953,0.001553559185115877,0.05631836584415917,0.05635667660228796,3.831075812878865e-05
2019-12-02,252,432,1.7142857142857142,0.99666754830149,0.9817979921341901,0.959606767800869,0.9817979921341901,0.8155447838531422,0.09010120235557578,0.0912009709715504,0.0010997686159746195,0.05848995055065953,0.058484756743954716,-5.193806704814619e-06
2020-01-02,252,435,1.7261904761904763,0.9958971715861923,0.980460750706452,0.9580584599240592,0.980460750706452,0.7883845348006003,0.08562151266475737,0.08623624315059314,0.0006147304858357683,0.09400341443111651,0.09399461757583547,-8.79685528104579e-06
2020-02-03,252,436,1.7301587301587302,0.9956869591266984,0.9806814647139135,0.9547732578697546,0.9806814647139135,0.7750493977140581,0.286858111239655,0.2873156867840627,0.00045757554440772896,0.27983640570902135,0.27980039823417735,-3.600747484400202e-05
2020-03-02,252,436,1.7301587301587302,0.996573805309554,0.9844252133450316,0.9645320150287942,0.9844252133450316,0.7786698573463627,0.6013606586921896,0.595522172863564,-0.005838485828625561,0.9255231932392279,0.9253492198038913,-0.00017397343533664955
2020-04-01,252,440,1.746031746031746,0.99883569971613,0.9901517191701533,0.9800700327206846,0.9901517191701533,0.8812604249238944,0.2938987775851168,0.2986303676846711,0.004731590099554317,0.3625476374277387,0.36230354212481664,-0.00024409530292207604
2020-05-01,252,441,1.75,0.9988894018542012,0.9899068253735814,0.9793021147007899,0.9899068253735814,0.8894687247944483,0.2165973807829294,0.22036447942492468,0.0037670986419952868,0.22376002346735635,0.22357037673434377,-0.00018964673301258284
2020-06-01,252,443,1.757936507936508,0.9988674546837005,0.9897323910551517,0.9775382466775921,0.9897323910551517,0.8891908570864738,0.16150855453953408,0.16214274770507245,0.0006341931655383659,0.27253079465239316,0.27234271838661556,-0.0001880762657776036
2020-07-01,252,445,1.7658730158730158,0.9989094259982028,0.9899795106403451,0.976890040548597,0.9899795106403451,0.8906772065903722,0.14479555879666567,0.1455881703423829,0.00079261154571722,0.13026613020372418,0.13019847164914206,-6.765855458212844e-05
2020-08-03,252,445,1.7658730158730158,0.9989035952165982,0.9901169748131586,0.9774743056653206,0.9901169748131586,0.8885720182217638,0.13727904576360284,0.13877333627228786,0.00149429050868502,0.07331422630679113,0.07327856904289494,-3.565726389619106e-05
2020-09-01,252,445,1.7658730158730158,0.9988706321761993,0.9902698807374578,0.9774150268200544,0.9902698807374578,0.8834291499577518,0.1339961084791565,0.13368143587422981,-0.00031467260492668014,0.19115128150034608,0.1911214694273901,-2.9812072955964775e-05
2020-10-01,252,445,1.7658730158730158,0.9988798458739917,0.9904007186785184,0.9776882105352407,0.9904007186785184,0.8828114359562834,0.1387692666497367,0.1385677306305191,-0.0002015360192176019,0.17964355623373834,0.1795937645969905,-4.979163674784237e-05
2020-11-02,252,446,1.7698412698412698,0.9988934358535336,0.9905380571394541,0.9777438917909976,0.9905380571394541,0.882560165625367,0.17124914265597663,0.1730362920810455,0.0017871494250688846,0.15556239604429367,0.15543570551434877,-0.00012669052994490615
2020-12-01,252,447,1.7738095238095237,0.9988828142573142,0.9915232502038468,0.9783174223459797,0.9915232502038468,0.8677188465166226,0.11493618340963309,0.11542920588232124,0.0004930224726881482,0.09587914445642425,0.09584101223116978,-3.8132225254464136e-05
2021-01-04,252,447,1.7738095238095237,0.9988628519749903,0.9914980707038992,0.9785505046500618,0.9914980707038992,0.8657536089658314,0.1507075203805355,0.1522128009511585,0.001505280570622991,0.12793499900632527,0.12788640625711212,-4.859274921314993e-05
2021-02-01,252,449,1.7817460317460319,0.9988197444006217,0.9911865794057214,0.9789047661968237,0.9911865794057214,0.8655709133991355,0.1789870222819495,0.18068746355297485,0.0017004412710253658,0.1142653796189731,0.11423835660300902,-2.70230159640783e-05
2021-03-01,252,449,1.7817460317460319,0.9988037453609214,0.9914180399602999,0.9791521615966933,0.9914180399602999,0.8600912538408997,0.1791043305757181,0.18036597302014035,0.0012616424444222563,0.1263169374234772,0.12629205412626077,-2.4883297216421463e-05
2021-04-01,252,452,1.7936507936507937,0.9980700820520781,0.9905117647761958,0.9720170856466548,0.9905117647761958,0.7958265015247595,0.1028253930138198,0.10359707406848222,0.0007716810546624236,0.07205498583420787,0.07205379599412239,-1.1898400854859492e-06
2021-05-03,252,453,1.7976190476190477,0.9977251224581409,0.9901755015333118,0.9713316649728546,0.9901755015333118,0.7675701032471509,0.10748249355117066,0.1082540803236769,0.0007715867725062303,0.1096494435654171,0.10966691725848168,1.7473693064581908e-05
2021-06-01,252,454,1.8015873015873016,0.9974596762455616,0.9907707632256391,0.9741328270894609,0.9907707632256391,0.7238277436543625,0.14189974050130144,0.14322972417845053,0.0013299836771490936,0.08955581503878628,0.08953640436614217,-1.9410672644104565e-05
2021-07-01,252,454,1.8015873015873016,0.99681101669485,0.9910564506224316,0.9755913331683471,0.9910564506224316,0.6424014680016638,0.11008423520458009,0.11152402061492976,0.00143978541034967,0.09359709934513757,0.09361693893917787,1.9839594040296782e-05
2021-08-02,252,455,1.8055555555555556,0.9968672473999733,0.9909154110013839,0.9769440513309112,0.9909154110013839,0.6541265701524602,0.11654899464675095,0.11762197954678151,0.001072984900030563,0.07798410857522511,0.07801391647853921,2.9807903314096884e-05
2021-09-01,252,457,1.8134920634920635,0.9969431928378522,0.9908935263178336,0.9783865696841537,0.9908935263178336,0.6633059190148812,0.09923113534790094,0.09962673732544171,0.000395601977540766,0.11220491505887015,0.11221399015335161,9.075094481461599e-06
2021-10-01,252,456,1.8095238095238095,0.9968584023044996,0.9901969066671169,0.9798372550506786,0.9901969066671169,0.6784572991487833,0.08564995491058235,0.08660351868502192,0.0009535637744395725,0.07817927063811715,0.07817290507963769,-6.365558479465294e-06
2021-11-01,252,456,1.8095238095238095,0.9966439647443687,0.9901847643086366,0.980342938680993,0.9901847643086366,0.6569692804134271,0.11363081682925562,0.11386947833026168,0.0002386615010060572,0.12570402382029547,0.12574140842637718,3.738460608171401e-05
2021-12-01,252,456,1.8095238095238095,0.9958133884331404,0.9879975147521107,0.9800772010376313,0.9879975147521107,0.6498165777468523,0.08965360262165889,0.09103926110399443,0.0013856584823355445,0.1064533313578251,0.10639083332440602,-6.249803341908111e-05
2022-01-03,252,457,1.8134920634920635,0.9960482480299105,0.988577036339103,0.9814117987145078,0.988577036339103,0.6527522039032614,0.13778389531694435,0.1393833337452257,0.0015994384282813634,0.11616242848455868,0.11611595125207923,-4.6477232479455455e-05
2022-02-01,252,458,1.8174603174603174,0.9960502980966978,0.9902765269361848,0.9817100097311123,0.9902765269361848,0.5926188183209221,0.14451684057322625,0.14608397614728755,0.0015671355740612958,0.1574352495068717,0.15733923753831888,-9.601196855282823e-05
2022-03-01,252,459,1.8214285714285714,0.9962221841625265,0.990186387258356,0.9815702824794438,0.990186387258356,0.6138758252980279,0.19102824380413394,0.19494867873350352,0.003920434929369582,0.14213305795977565,0.14195282521056612,-0.00018023274920953014
2022-04-01,252,460,1.8253968253968254,0.9965416779287161,0.988834804032768,0.9807074622295815,0.988834804032768,0.6890584526008716,0.1830232538873551,0.18363775156447734,0.0006144976771222388,0.18249601588289782,0.18243696091534267,-5.905496755514994e-05
2022-05-02,252,462,1.8333333333333333,0.9967335962162065,0.988322882799447,0.9814119599152966,0.988322882799447,0.7190898410743766,0.19891642357968284,0.19863945478401795,-0.00027696879566488364,0.2414165134429734,0.24127910875456157,-0.00013740468841183517
2022-06-01,252,464,1.8412698412698412,0.9970978335222972,0.9872497043692908,0.9810346110121416,0.9872497043692908,0.7712563923524609,0.24552491487330072,0.24589789217571226,0.0003729773024115368,0.26201809318334673,0.2619806612506929,-3.743193265381972e-05
2022-07-01,252,466,1.8492063492063493,0.9974906604817491,0.9867814107299281,0.9814111050033573,0.9867814107299281,0.8091426070039645,0.10558412988573428,0.10665105142006687,0.0010669215343325905,0.13335835138315882,0.1333142311699276,-4.412021323121906e-05
2022-08-01,252,466,1.8492063492063493,0.9975015043443364,0.9860123576817089,0.9816081142527578,0.9860123576817089,0.8203450247125061,0.14935042065246906,0.150076888989168,0.0007264683366989266,0.1553039002639338,0.15527319215670876,-3.0708107225024817e-05
2022-09-01,252,466,1.8492063492063493,0.997617799410095,0.9853993062693803,0.981065136464947,0.9853993062693803,0.835839233978854,0.2230446809256331,0.22375730915895542,0.0007126282333223266,0.2344490572643694,0.2344198901706423,-2.916709372710602e-05
2022-10-03,252,468,1.8571428571428572,0.9977175382868672,0.9847336555682183,0.9799829607558382,0.9847336555682183,0.8495125466126193,0.15636349627091983,0.15680117336400912,0.0004376770930892837,0.21422981948323402,0.2141618054395368,-6.801404369721764e-05
2022-11-01,252,470,1.8650793650793651,0.9978185303049382,0.9841150165498596,0.9803518299841051,0.9841150165498596,0.8617224709097857,0.21753828651107213,0.22302401705223682,0.005485730541164691,0.1752047744582652,0.17508650866263825,-0.00011826579562695949
2022-12-01,252,471,1.869047619047619,0.9979674235929608,0.9829966791975328,0.9801633368769649,0.9829966791975328,0.8795575593640971,0.13637616988142917,0.13829346882842788,0.0019172989469987134,0.12957815492421182,0.12953384968681675,-4.430523739507031e-05
2023-01-03,252,473,1.876984126984127,0.9979637826019002,0.9827099272722166,0.9789661478837635,0.9827099272722166,0.881325952636031,0.18953987168409647,0.19219196320877166,0.0026520915246751875,0.13458950540619902,0.13455736894103662,-3.2136465162396766e-05
2023-02-01,252,473,1.876984126984127,0.9980005818457844,0.9825480740121817,0.9779724419419201,0.9825480740121817,0.8845398408545306,0.19157504018132854,0.1951362419256514,0.003561201744322867,0.08555740380119745,0.08552864066316891,-2.876313802853414e-05
2023-03-01,252,473,1.876984126984127,0.9979876301798307,0.9826457668160321,0.9784524425477624,0.9826457668160321,0.8831442640527356,0.134694065345017,0.13656315237677985,0.0018690870317628616,0.1488158006344676,0.148735446114318,-8.035452014959477e-05
2023-04-03,252,475,1.8849206349206349,0.9979717695776468,0.9814785830580045,0.9786239077340497,0.9814785830580045,0.8895811933579835,0.11310240812860439,0.11522299296960893,0.0021205848410045386,0.08654663530088452,0.08649579239001468,-5.084291086984716e-05
2023-05-01,252,475,1.8849206349206349,0.9979500351036127,0.9807774591050433,0.9778952415568468,0.9807774591050433,0.892431634711538,0.1259872754911301,0.12860625833089273,0.0026189828397626402,0.09170320988002434,0.09163125317799967,-7.195670202467253e-05
2023-06-01,252,477,1.8928571428571428,0.9977159773499468,0.9807479618400367,0.9761893284935569,0.9807479618400367,0.8803457254987207,0.179582059679001,0.18367069898159494,0.004088639302593927,0.09019815469829859,0.09016653479804015,-3.1619900258433864e-05
2023-07-03,252,477,1.8928571428571428,0.9974214518980914,0.979506744957282,0.9750241783873658,0.979506744957282,0.8730370466075806,0.11270592259320897,0.11532002703280225,0.0026141044395932844,0.06041592087757062,0.06044536533436702,2.9444456796402785e-05
2023-08-01,252,478,1.8968253968253967,0.997289780937381,0.9789148029620879,0.9731347857837894,0.9789148029620879,0.8702699114275697,0.10404234394085579,0.10524538694170471,0.001203043000848919,0.0854517336371989,0.08540100762813503,-5.072600906387559e-05
2023-09-01,252,478,1.8968253968253967,0.9971220525184971,0.978071307828709,0.9731208005802696,0.978071307828709,0.8674948381055122,0.12789404658896614,0.13111129397033933,0.0032172473813731894,0.07897050873803962,0.07890644747485744,-6.406126318218852e-05
2023-10-02,252,477,1.8928571428571428,0.9969008937296583,0.9789454713148708,0.9729921900687286,0.9789454713148708,0.8514701889907689,0.1431721971533056,0.14607628355634716,0.0029040864030415725,0.11366075892057284,0.11362070052374813,-4.0058396824707576e-05
2023-11-01,252,479,1.9007936507936507,0.9964673949247578,0.9790378787723375,0.970949460241473,0.9790378787723375,0.8299925412752345,0.15903849448939467,0.1640803900386416,0.005041895549246944,0.0868434010705988,0.08672710859876605,-0.00011629247183275737
2023-12-01,252,479,1.9007936507936507,0.9959826424885733,0.9784425493562651,0.9700455670743512,0.9784425493562651,0.8119919702339824,0.2027238290873476,0.2082869683342493,0.005563139246901716,0.10163040057064134,0.101734888985828,0.00010448841518666263
2024-01-02,252,480,1.9047619047619047,0.9958286391045894,0.9785057882867676,0.9716099956856248,0.9785057882867676,0.80423179070961,0.0860801072190162,0.08788235645270087,0.0018022492336846746,0.07578831738527947,0.07563126318794304,-0.00015705419733642867
2024-02-01,252,480,1.9047619047619047,0.995645480618634,0.9788854155291247,0.972349569704812,0.9788854155291247,0.7920205458738628,0.08883929717030574,0.09123837720437362,0.0023990800340678853,0.06704385060570628,0.06692223031057047,-0.00012162029513580752
2024-03-01,252,480,1.9047619047619047,0.9955133583294651,0.97782321670261,0.9712847149935637,0.97782321670261,0.7958779122180768,0.07165338171631147,0.07351302906723771,0.0018596473509262385,0.06311651205431938,0.0630026127838153,-0.00011389927050407811
2024-04-01,252,482,1.9126984126984128,0.9947014435188091,0.9794272227257815,0.9620445613894258,0.9794272227257815,0.7404607728705523,0.11208780292243367,0.11477557069297964,0.002687767770545968,0.09048916216752953,0.09046928489535057,-1.9877272178961403e-05
2024-05-01,252,480,1.9047619047619047,0.9945528283792617,0.9805955177383031,0.9589686888284793,0.9805955177383031,0.7173045941778228,0.08713478088251075,0.08778299086451856,0.0006482099820078052,0.09413379539602056,0.09413998778694835,6.192390927792224e-06
2024-06-03,252,482,1.9126984126984128,0.9943184810133285,0.9792290285325248,0.95648034364455,0.9792290285325248,0.7243829277780388,0.11350073146896779,0.11641206191127322,0.002911330442305432,0.06680096050105853,0.06684537763478961,4.441713373107281e-05
2024-07-01,252,483,1.9166666666666667,0.993994186357257,0.9797214334666148,0.9547215306896232,0.9797214334666148,0.7016992104324834,0.12060443846956621,0.12279793295477677,0.0021934944852105565,0.09640694970470182,0.09624836602034578,-0.00015858368435603398
2024-08-01,252,484,1.9206349206349207,0.9940004378689299,0.9818266085207494,0.9515747755724376,0.9818266085207494,0.667843184960547,0.13219819089110263,0.1322212661710788,2.3075279976164653e-05,0.13926323766174506,0.1391208151674977,-0.00014242249424736841
2024-09-03,252,484,1.9206349206349207,0.9945540184351684,0.9823848502219403,0.9528768316563676,0.9823848502219403,0.6889374991077609,0.10772585768714536,0.10909475975604872,0.0013689020689033604,0.08836457377292409,0.08840773695470895,4.316318178486378e-05
2024-10-01,252,483,1.9166666666666667,0.9943650044602211,0.9827017943733335,0.9518571505188193,0.9827017943733335,0.6723276720740277,0.08991132618397583,0.0911376221975295,0.00122629601355366,0.07436052091863034,0.07425811030103777,-0.00010241061759257153
2024-11-01,252,484,1.9206349206349207,0.9938916443417459,0.9826754673742609,0.9522067409000764,0.9826754673742609,0.6454212463234288,0.15572781680042924,0.1577190323686107,0.0019912155681814647,0.11228647622302185,0.11223989826297066,-4.657796005118342e-05
2024-12-02,252,485,1.9246031746031746,0.9931889302668551,0.9819203848499121,0.9675907958739188,0.9819203848499121,0.6211315798693512,0.07812035762056296,0.07805718903228034,-6.31685882826194e-05,0.09522543825564642,0.09507463663382616,-0.00015080162182025403
2025-01-02,252,487,1.9325396825396826,0.9930927215867794,0.9810912610636064,0.9679696068008506,0.9810912610636064,0.6324914758769926,0.12490748088579927,0.1267614708442237,0.0018539899584244374,0.11220296528679413,0.1123530947789555,0.00015012949216136606
2025-02-03,252,487,1.9325396825396826,0.9928648703744949,0.983204085767148,0.9672477332855647,0.983204085767148,0.5731171943245676,0.10857634317244402,0.11054480820540388,0.0019684650329598596,0.08219426689116296,0.08216307841776982,-3.1188473393145566e-05
2025-03-03,252,487,1.9325396825396826,0.9927642079517338,0.9830951189830414,0.9669146857941722,0.9830951189830414,0.5698832780145304,0.10214389676133268,0.10232763103827297,0.00018373427694029498,0.12777432600176888,0.12759065221258772,-0.00018367378918116017
2025-04-01,252,489,1.9404761904761905,0.9935967885865322,0.9842358791382997,0.9688387257304776,0.9842358791382997,0.5918948152810671,0.3020585999972986,0.3032733818749289,0.0012147818776302999,0.3372436151555221,0.3367756249787933,-0.00046799017672877197
2025-05-01,252,489,1.9404761904761905,0.996632744123775,0.9846344371698555,0.9687743508892853,0.9846344371698555,0.7795321266460856,0.20621985237619236,0.2098685769993544,0.003648724623162042,0.11160357745226049,0.11155401032637541,-4.95671258850805e-05
2025-06-02,252,490,1.9444444444444444,0.9968101268644695,0.9850696906986254,0.9689273694206019,0.9850696906986254,0.785085549133844,0.1271298711617663,0.12887355417206942,0.0017436830103031153,0.08361838100678813,0.08360255609775251,-1.582490903562217e-05
2025-07-01,252,490,1.9444444444444444,0.9968641932893818,0.9848169431244355,0.9711052034182381,0.9848169431244355,0.7922131127378279,0.1078594997337478,0.10978021686725956,0.0019207171335117595,0.07099483442372272,0.07096218434130593,-3.265008241679079e-05
2025-08-01,252,493,1.9563492063492063,0.9967967909406242,0.9838254817745341,0.971810370184625,0.9838254817745341,0.8006646439885073,0.1244157500913808,0.12616945577543615,0.0017537056840553483,0.08303776100373725,0.08300177186838127,-3.598913535597659e-05
2025-09-02,252,495,1.9642857142857142,0.9965788769314088,0.9836661954545871,0.9713619189856054,0.9836661954545871,0.7891861096640712,0.07949465456552486,0.08046350680202251,0.0009688522364976471,0.06698550938175693,0.06694830736044069,-3.720202131624051e-05
2025-10-01,252,495,1.9642857142857142,0.9964340820209586,0.9839596464188298,0.9701472462179564,0.9839596464188298,0.7762930106121377,0.10020104573083777,0.10198002817123884,0.0017789824404010751,0.08239132110148736,0.08234633602124614,-4.4985080241227715e-05
2025-11-03,252,494,1.9603174603174602,0.9964367352599982,0.9840166977403845,0.9700566691991559,0.9840166977403845,0.7756677008264037,0.1477745457135569,0.14934553635529305,0.0015709906417361585,0.11085843532475945,0.11083419852983191,-2.4236794927537386e-05
2025-12-01,252,493,1.9563492063492063,0.99662574555536,0.9858446263160834,0.9683964548181477,0.9858446263160834,0.7603331925600657,0.10686715387379028,0.10813260446056866,0.0012654505867783772,0.06947633814605676,0.06946107358781248,-1.5264558244285076e-05
2026-01-02,252,495,1.9642857142857142,0.9965803948953619,0.986202038847768,0.9669195130501534,0.986202038847768,0.7508709236951736,0.17317472840155335,0.17571506681780916,0.0025403384162558107,0.08793290865859897,0.08791959798334924,-1.3310675249733617e-05
2026-02-02,252,496,1.9682539682539681,0.9965007863912991,0.9839828683817019,0.9653944854443485,0.9839828683817019,0.7801546530141985,0.2622528072420826,0.2669919913890487,0.004739184146966113,0.08265926088088942,0.0826665798650533,7.318984163881548e-06
2026-03-02,252,498,1.9761904761904763,0.9963705092666049,0.9834964689658087,0.9668808789517362,0.9834964689658087,0.7786505068675328,0.15391569353734025,0.1554604796012773,0.0015447860639370425,0.1257081155451836,0.1257456532850205,3.753773983689035e-05
2026-04-01,252,497,1.9722222222222223,0.9962864594701988,0.9836664266556925,0.9700295781089866,0.9836664266556925,0.7711972820233891,0.12112684059817803,0.12235537348511683,0.0012285328869387907,0.10211010636264198,0.10211690499929732,6.798636655341861e-06
2026-05-01,252,498,1.9761904761904763,0.9928038221994563,0.9829758875202723,0.9740794783376983,0.9829758875202723,0.5751999889886801,0.11317820787302194,0.11595410413375316,0.002775896260731228,0.07402340085585785,0.07424201582436155,0.00021861496850369977
2026-06-01,252,500,1.9841269841269842,0.9916549611211872,0.9829727078355849,0.9763446439665687,0.9829727078355849,0.5077563279236121,0.11196728205354053,0.11415055972544963,0.002183277671909095,0.09196529872320877,0.0922333451156162,0.0002680463924074339
